IDADE,FX_ID,SEXO,p1,p2,p4,p5,p6,p8,p9a,p9b,p9c,p9d,p10,p11,p12,p13,p14,p15,ESCOLA,RENDAF,nquest
29.0,2.0,1.0,1.0,1.0,3.0,1.0,3.0,3.0,2.0,2.0,1.0,2.0,2.0,2.0,1.0,1.0,1.0,6.0,2.0,5.0,1.0
21.0,1.0,2.0,1.0,1.0,1.0,1.0,3.0,1.0,2.0,2.0,2.0,1.0,2.0,2.0,2.0,1.0,1.0,6.0,2.0,5.0,2.0
28.0,2.0,1.0,1.0,1.0,2.0,1.0,3.0,3.0,2.0,1.0,1.0,1.0,1.0,2.0,1.0,1.0,1.0,6.0,3.0,7.0,3.0
43.0,3.0,1.0,3.0,3.0,1.0,2.0,3.0,2.0,2.0,2.0,2.0,2.0,2.0,2.0,1.0,1.0,1.0,8.0,2.0,6.0,4.0
24.0,1.0,1.0,1.0,1.0,2.0,1.0,3.0,3.0,2.0,2.0,1.0,1.0,2.0,1.0,2.0,1.0,1.0,6.0,3.0,5.0,5.0
31.0,2.0,2.0,1.0,1.0,3.0,1.0,3.0,2.0,2.0,2.0,1.0,2.0,2.0,2.0,1.0,1.0,1.0,6.0,1.0,2.0,6.0
32.0,2.0,2.0,1.0,3.0,1.0,1.0,3.0,2.0,2.0,2.0,3.0,2.0,2.0,2.0,1.0,1.0,1.0,6.0,3.0,6.0,7.0
55.0,3.0,2.0,1.0,4.0,1.0,1.0,3.0,2.0,2.0,2.0,1.0,1.0,2.0,2.0,1.0,1.0,1.0,5.0,2.0,6.0,8.0
67.0,3.0,2.0,1.0,3.0,2.0,3.0,3.0,2.0,2.0,1.0,2.0,2.0,2.0,2.0,1.0,1.0,1.0,9.0,1.0,4.0,9.0
43.0,3.0,2.0,1.0,4.0,2.0,3.0,3.0,2.0,2.0,1.0,2.0,2.0,2.0,2.0,1.0,2.0,0.0,5.0,2.0,3.0,10.0
24.0,1.0,2.0,1.0,1.0,2.0,1.0,3.0,1.0,2.0,2.0,1.0,2.0,2.0,1.0,2.0,1.0,1.0,5.0,2.0,6.0,11.0
39.0,2.0,2.0,1.0,1.0,2.0,1.0,3.0,2.0,2.0,2.0,1.0,1.0,2.0,1.0,1.0,1.0,1.0,6.0,2.0,6.0,12.0
49.0,3.0,1.0,1.0,1.0,2.0,1.0,3.0,2.0,2.0,2.0,1.0,2.0,2.0,1.0,1.0,1.0,1.0,6.0,3.0,6.0,13.0
39.0,2.0,2.0,1.0,1.0,2.0,2.0,3.0,1.0,2.0,2.0,2.0,1.0,1.0,1.0,1.0,1.0,1.0,9.0,3.0,7.0,14.0
17.0,1.0,1.0,1.0,1.0,2.0,1.0,3.0,2.0,3.0,3.0,2.0,3.0,2.0,2.0,2.0,1.0,1.0,9.0,2.0,5.0,15.0
20.0,1.0,1.0,1.0,1.0,2.0,1.0,3.0,2.0,2.0,2.0,3.0,2.0,2.0,2.0,1.0,1.0,1.0,9.0,1.0,3.0,16.0
64.0,3.0,2.0,1.0,1.0,4.0,2.0,3.0,3.0,2.0,2.0,1.0,2.0,2.0,2.0,2.0,1.0,1.0,6.0,1.0,5.0,17.0
40.0,2.0,1.0,1.0,1.0,1.0,1.0,3.0,2.0,2.0,2.0,1.0,2.0,2.0,2.0,1.0,1.0,1.0,6.0,3.0,6.0,18.0
20.0,1.0,1.0,1.0,1.0,3.0,2.0,3.0,2.0,1.0,3.0,3.0,2.0,2.0,2.0,1.0,2.0,0.0,2.0,1.0,5.0,19.0
65.0,3.0,1.0,1.0,1.0,4.0,1.0,3.0,2.0,3.0,1.0,2.0,2.0,2.0,2.0,1.0,2.0,0.0,9.0,3.0,4.0,20.0
28.0,2.0,1.0,1.0,1.0,4.0,1.0,3.0,2.0,2.0,2.0,1.0,1.0,2.0,2.0,2.0,1.0,1.0,6.0,1.0,6.0,21.0
21.0,1.0,2.0,1.0,1.0,4.0,1.0,3.0,2.0,2.0,3.0,3.0,3.0,2.0,2.0,1.0,2.0,0.0,1.0,1.0,3.0,22.0
19.0,1.0,2.0,1.0,1.0,4.0,1.0,3.0,2.0,2.0,2.0,2.0,2.0,2.0,2.0,1.0,1.0,1.0,6.0,2.0,5.0,23.0
73.0,3.0,2.0,1.0,1.0,1.0,3.0,3.0,2.0,2.0,2.0,2.0,2.0,2.0,2.0,1.0,1.0,1.0,7.0,1.0,5.0,24.0
89.0,3.0,1.0,1.0,3.0,4.0,5.0,3.0,2.0,3.0,3.0,3.0,2.0,2.0,2.0,1.0,1.0,1.0,6.0,2.0,1.0,25.0
38.0,2.0,1.0,2.0,1.0,4.0,5.0,3.0,6.0,2.0,2.0,3.0,3.0,2.0,2.0,1.0,1.0,1.0,6.0,1.0,8.0,26.0
27.0,2.0,2.0,4.0,1.0,4.0,1.0,3.0,2.0,3.0,1.0,1.0,2.0,2.0,2.0,1.0,2.0,0.0,6.0,1.0,4.0,27.0
55.0,3.0,2.0,4.0,1.0,2.0,2.0,4.0,2.0,2.0,3.0,1.0,3.0,2.0,2.0,1.0,2.0,0.0,6.0,1.0,1.0,28.0
32.0,2.0,2.0,1.0,2.0,4.0,5.0,3.0,2.0,1.0,1.0,3.0,3.0,1.0,2.0,1.0,1.0,1.0,6.0,1.0,4.0,30.0
53.0,3.0,1.0,2.0,2.0,1.0,3.0,2.0,1.0,2.0,2.0,1.0,2.0,2.0,2.0,1.0,1.0,2.0,7.0,3.0,7.0,31.0
29.0,2.0,2.0,2.0,2.0,4.0,3.0,4.0,4.0,2.0,2.0,1.0,1.0,2.0,2.0,1.0,1.0,2.0,6.0,1.0,6.0,32.0
44.0,3.0,2.0,2.0,2.0,2.0,3.0,2.0,2.0,2.0,2.0,1.0,2.0,2.0,2.0,1.0,2.0,0.0,6.0,3.0,5.0,33.0
23.0,1.0,2.0,2.0,4.0,4.0,3.0,1.0,1.0,2.0,1.0,2.0,3.0,2.0,2.0,1.0,1.0,2.0,6.0,1.0,3.0,34.0
32.0,2.0,2.0,2.0,2.0,2.0,3.0,2.0,4.0,2.0,1.0,2.0,2.0,2.0,1.0,1.0,1.0,2.0,6.0,1.0,4.0,35.0
48.0,3.0,1.0,2.0,2.0,2.0,4.0,2.0,2.0,2.0,2.0,2.0,2.0,2.0,2.0,1.0,2.0,0.0,6.0,1.0,5.0,36.0
42.0,3.0,2.0,2.0,2.0,2.0,1.0,2.0,1.0,2.0,2.0,2.0,1.0,2.0,2.0,1.0,1.0,2.0,5.0,3.0,6.0,37.0
36.0,2.0,1.0,1.0,1.0,2.0,4.0,2.0,2.0,2.0,2.0,2.0,3.0,2.0,2.0,1.0,1.0,1.0,6.0,2.0,6.0,38.0
18.0,1.0,1.0,2.0,2.0,2.0,3.0,1.0,2.0,2.0,2.0,2.0,2.0,2.0,1.0,1.0,1.0,2.0,6.0,2.0,4.0,39.0
38.0,2.0,1.0,1.0,1.0,1.0,4.0,2.0,2.0,2.0,3.0,3.0,2.0,2.0,2.0,1.0,1.0,1.0,6.0,3.0,6.0,40.0
39.0,2.0,1.0,1.0,4.0,4.0,2.0,3.0,2.0,2.0,2.0,1.0,3.0,2.0,2.0,1.0,1.0,1.0,6.0,3.0,4.0,41.0
40.0,2.0,2.0,1.0,1.0,4.0,1.0,3.0,2.0,2.0,2.0,2.0,1.0,2.0,2.0,1.0,2.0,0.0,2.0,1.0,1.0,42.0
41.0,3.0,2.0,1.0,1.0,2.0,1.0,3.0,3.0,2.0,2.0,1.0,2.0,2.0,1.0,1.0,1.0,1.0,9.0,3.0,5.0,43.0
23.0,1.0,2.0,1.0,1.0,1.0,1.0,3.0,3.0,2.0,2.0,1.0,1.0,2.0,1.0,1.0,1.0,1.0,6.0,1.0,5.0,44.0
26.0,2.0,2.0,4.0,1.0,4.0,3.0,4.0,1.0,2.0,2.0,3.0,1.0,2.0,2.0,1.0,1.0,2.0,6.0,1.0,5.0,45.0
76.0,3.0,2.0,1.0,1.0,1.0,1.0,3.0,3.0,2.0,3.0,1.0,1.0,1.0,1.0,1.0,1.0,1.0,6.0,1.0,2.0,46.0
36.0,2.0,1.0,1.0,1.0,1.0,1.0,3.0,2.0,2.0,1.0,1.0,1.0,2.0,2.0,2.0,1.0,1.0,6.0,1.0,5.0,47.0
36.0,2.0,2.0,1.0,1.0,2.0,2.0,3.0,2.0,1.0,1.0,1.0,2.0,2.0,2.0,1.0,1.0,1.0,1.0,1.0,2.0,48.0
54.0,3.0,2.0,1.0,4.0,4.0,1.0,3.0,1.0,2.0,2.0,1.0,1.0,1.0,2.0,1.0,1.0,1.0,6.0,1.0,3.0,49.0
78.0,3.0,1.0,1.0,1.0,4.0,1.0,3.0,2.0,2.0,1.0,1.0,2.0,2.0,2.0,1.0,2.0,0.0,6.0,1.0,3.0,50.0
36.0,2.0,1.0,2.0,4.0,4.0,3.0,3.0,6.0,2.0,3.0,2.0,2.0,2.0,2.0,1.0,2.0,0.0,6.0,1.0,5.0,51.0
35.0,2.0,1.0,1.0,1.0,2.0,1.0,3.0,2.0,2.0,3.0,2.0,2.0,2.0,2.0,1.0,1.0,1.0,5.0,2.0,6.0,52.0
26.0,2.0,1.0,1.0,1.0,2.0,4.0,3.0,4.0,2.0,2.0,2.0,1.0,2.0,2.0,1.0,2.0,0.0,5.0,1.0,3.0,53.0
29.0,2.0,1.0,1.0,1.0,2.0,4.0,3.0,3.0,2.0,2.0,1.0,1.0,2.0,2.0,1.0,1.0,1.0,6.0,2.0,5.0,54.0
23.0,1.0,2.0,1.0,1.0,2.0,1.0,3.0,3.0,1.0,1.0,1.0,2.0,2.0,2.0,1.0,1.0,1.0,6.0,2.0,5.0,55.0
40.0,2.0,2.0,1.0,1.0,3.0,1.0,3.0,3.0,2.0,2.0,2.0,2.0,2.0,2.0,1.0,2.0,0.0,6.0,1.0,4.0,56.0
62.0,3.0,2.0,1.0,4.0,3.0,4.0,3.0,1.0,1.0,1.0,1.0,1.0,2.0,2.0,1.0,2.0,0.0,6.0,1.0,2.0,57.0
23.0,1.0,2.0,1.0,1.0,4.0,1.0,3.0,2.0,2.0,1.0,2.0,3.0,2.0,2.0,1.0,2.0,0.0,1.0,1.0,4.0,58.0
26.0,2.0,2.0,1.0,1.0,2.0,1.0,3.0,1.0,2.0,2.0,1.0,1.0,2.0,2.0,1.0,1.0,1.0,8.0,2.0,4.0,59.0
22.0,1.0,1.0,1.0,1.0,2.0,1.0,3.0,3.0,2.0,3.0,1.0,2.0,2.0,2.0,1.0,1.0,1.0,6.0,2.0,4.0,60.0
52.0,3.0,2.0,1.0,1.0,2.0,1.0,3.0,2.0,1.0,1.0,2.0,1.0,2.0,2.0,1.0,2.0,0.0,6.0,1.0,3.0,61.0
34.0,2.0,2.0,1.0,1.0,4.0,1.0,4.0,1.0,1.0,1.0,2.0,2.0,2.0,2.0,1.0,1.0,1.0,1.0,1.0,4.0,62.0
45.0,3.0,1.0,2.0,5.0,4.0,3.0,1.0,1.0,2.0,2.0,1.0,1.0,2.0,2.0,1.0,1.0,2.0,6.0,2.0,6.0,29.0
54.0,3.0,2.0,3.0,2.0,2.0,3.0,3.0,1.0,2.0,1.0,1.0,2.0,2.0,2.0,1.0,1.0,1.0,4.0,1.0,1.0,63.0
42.0,3.0,2.0,4.0,4.0,4.0,1.0,4.0,1.0,1.0,1.0,2.0,1.0,2.0,2.0,2.0,2.0,0.0,6.0,1.0,4.0,64.0
64.0,3.0,1.0,2.0,5.0,3.0,5.0,3.0,2.0,3.0,3.0,3.0,1.0,2.0,2.0,1.0,1.0,2.0,9.0,1.0,8.0,65.0
32.0,2.0,1.0,4.0,5.0,4.0,1.0,3.0,2.0,1.0,1.0,1.0,2.0,2.0,2.0,1.0,2.0,0.0,1.0,1.0,5.0,66.0
33.0,2.0,1.0,1.0,4.0,2.0,1.0,3.0,2.0,2.0,2.0,2.0,1.0,1.0,1.0,1.0,1.0,1.0,9.0,1.0,5.0,154.0
16.0,1.0,2.0,1.0,2.0,4.0,4.0,3.0,1.0,2.0,2.0,2.0,2.0,2.0,2.0,1.0,2.0,0.0,9.0,3.0,6.0,67.0
21.0,1.0,1.0,1.0,1.0,2.0,3.0,3.0,2.0,2.0,2.0,1.0,2.0,1.0,2.0,1.0,1.0,1.0,1.0,2.0,8.0,155.0
40.0,2.0,2.0,1.0,4.0,4.0,3.0,3.0,1.0,2.0,1.0,1.0,2.0,2.0,2.0,1.0,1.0,1.0,6.0,1.0,4.0,156.0
20.0,1.0,2.0,1.0,1.0,2.0,2.0,3.0,2.0,2.0,2.0,1.0,2.0,1.0,1.0,1.0,2.0,0.0,2.0,2.0,3.0,157.0
35.0,2.0,1.0,1.0,4.0,2.0,1.0,3.0,2.0,2.0,2.0,2.0,2.0,2.0,2.0,1.0,2.0,0.0,6.0,1.0,3.0,158.0
44.0,3.0,2.0,2.0,2.0,4.0,3.0,2.0,4.0,2.0,1.0,2.0,2.0,2.0,2.0,1.0,2.0,0.0,6.0,1.0,5.0,68.0
49.0,3.0,2.0,1.0,4.0,2.0,4.0,4.0,1.0,3.0,2.0,2.0,2.0,2.0,2.0,1.0,2.0,0.0,1.0,1.0,3.0,159.0
36.0,2.0,2.0,1.0,1.0,1.0,4.0,3.0,3.0,2.0,2.0,2.0,2.0,2.0,1.0,2.0,1.0,1.0,6.0,1.0,3.0,160.0
25.0,2.0,1.0,1.0,1.0,2.0,1.0,3.0,2.0,1.0,1.0,3.0,2.0,2.0,2.0,1.0,1.0,1.0,6.0,2.0,4.0,161.0
37.0,2.0,2.0,1.0,4.0,4.0,1.0,3.0,1.0,3.0,2.0,1.0,2.0,2.0,2.0,1.0,2.0,0.0,1.0,1.0,1.0,162.0
40.0,2.0,2.0,1.0,1.0,1.0,3.0,3.0,3.0,2.0,1.0,1.0,2.0,1.0,1.0,1.0,1.0,1.0,6.0,3.0,5.0,107.0
39.0,2.0,2.0,1.0,1.0,1.0,1.0,3.0,1.0,2.0,2.0,2.0,1.0,2.0,2.0,2.0,1.0,1.0,6.0,1.0,4.0,108.0
38.0,2.0,1.0,1.0,1.0,4.0,1.0,3.0,3.0,2.0,2.0,1.0,1.0,1.0,1.0,2.0,2.0,0.0,9.0,1.0,4.0,109.0
21.0,1.0,1.0,1.0,1.0,4.0,1.0,3.0,2.0,2.0,2.0,1.0,2.0,2.0,2.0,1.0,2.0,0.0,6.0,2.0,5.0,163.0
53.0,3.0,1.0,1.0,1.0,2.0,3.0,3.0,1.0,2.0,2.0,1.0,2.0,2.0,2.0,1.0,1.0,1.0,6.0,2.0,5.0,110.0
49.0,3.0,1.0,2.0,2.0,4.0,3.0,2.0,2.0,2.0,2.0,1.0,2.0,2.0,2.0,1.0,1.0,2.0,8.0,2.0,6.0,69.0
41.0,3.0,1.0,4.0,4.0,3.0,4.0,4.0,1.0,2.0,2.0,1.0,2.0,2.0,2.0,1.0,1.0,2.0,3.0,1.0,1.0,164.0
48.0,3.0,2.0,4.0,1.0,4.0,1.0,3.0,1.0,3.0,2.0,2.0,1.0,2.0,2.0,2.0,2.0,0.0,6.0,1.0,1.0,111.0
59.0,3.0,2.0,4.0,4.0,1.0,3.0,4.0,1.0,2.0,3.0,3.0,3.0,2.0,2.0,1.0,2.0,0.0,1.0,2.0,8.0,165.0
17.0,1.0,1.0,1.0,2.0,2.0,4.0,2.0,2.0,2.0,2.0,1.0,2.0,2.0,2.0,1.0,2.0,0.0,6.0,2.0,4.0,70.0
51.0,3.0,2.0,4.0,4.0,4.0,1.0,4.0,2.0,1.0,1.0,1.0,3.0,2.0,2.0,1.0,2.0,0.0,1.0,1.0,8.0,166.0
27.0,2.0,1.0,1.0,1.0,4.0,1.0,3.0,1.0,2.0,2.0,2.0,2.0,2.0,1.0,2.0,1.0,1.0,6.0,2.0,5.0,112.0
18.0,1.0,2.0,1.0,1.0,4.0,1.0,3.0,2.0,1.0,2.0,1.0,2.0,2.0,2.0,1.0,1.0,1.0,6.0,1.0,1.0,167.0
23.0,1.0,1.0,1.0,1.0,2.0,4.0,3.0,3.0,2.0,2.0,2.0,1.0,2.0,2.0,2.0,2.0,0.0,6.0,3.0,4.0,113.0
45.0,3.0,1.0,2.0,2.0,3.0,4.0,2.0,2.0,2.0,2.0,1.0,2.0,2.0,2.0,1.0,1.0,2.0,6.0,1.0,3.0,71.0
77.0,3.0,2.0,1.0,3.0,3.0,1.0,3.0,2.0,3.0,3.0,3.0,1.0,2.0,2.0,1.0,1.0,1.0,6.0,1.0,4.0,168.0
24.0,1.0,1.0,1.0,1.0,4.0,2.0,3.0,2.0,1.0,1.0,2.0,1.0,2.0,2.0,1.0,2.0,0.0,6.0,2.0,5.0,114.0
62.0,3.0,1.0,1.0,1.0,2.0,1.0,3.0,3.0,2.0,2.0,2.0,1.0,2.0,2.0,1.0,1.0,1.0,6.0,1.0,4.0,115.0
43.0,3.0,1.0,1.0,1.0,1.0,1.0,3.0,3.0,2.0,2.0,1.0,2.0,2.0,2.0,2.0,1.0,1.0,6.0,1.0,2.0,116.0
17.0,1.0,1.0,1.0,2.0,2.0,1.0,3.0,1.0,2.0,2.0,1.0,2.0,2.0,2.0,2.0,1.0,1.0,6.0,2.0,5.0,72.0
60.0,3.0,1.0,1.0,3.0,1.0,3.0,3.0,1.0,2.0,2.0,2.0,1.0,2.0,2.0,1.0,1.0,1.0,6.0,2.0,5.0,169.0
51.0,3.0,2.0,1.0,1.0,2.0,1.0,3.0,1.0,1.0,1.0,1.0,2.0,2.0,1.0,2.0,2.0,0.0,6.0,1.0,3.0,117.0
19.0,1.0,2.0,1.0,1.0,2.0,5.0,3.0,3.0,2.0,1.0,1.0,2.0,2.0,1.0,2.0,2.0,0.0,6.0,1.0,3.0,118.0
37.0,2.0,2.0,4.0,4.0,4.0,2.0,4.0,1.0,3.0,3.0,3.0,3.0,2.0,2.0,1.0,2.0,0.0,6.0,1.0,3.0,119.0
40.0,2.0,1.0,3.0,3.0,1.0,4.0,4.0,2.0,2.0,2.0,1.0,2.0,2.0,2.0,1.0,1.0,2.0,5.0,3.0,5.0,170.0
57.0,3.0,2.0,1.0,4.0,1.0,2.0,3.0,2.0,2.0,3.0,2.0,2.0,2.0,2.0,2.0,1.0,1.0,6.0,1.0,6.0,120.0
29.0,2.0,2.0,2.0,2.0,2.0,3.0,2.0,2.0,2.0,2.0,2.0,3.0,2.0,2.0,1.0,1.0,2.0,9.0,2.0,5.0,73.0
16.0,1.0,1.0,1.0,1.0,4.0,1.0,3.0,2.0,2.0,2.0,3.0,3.0,1.0,2.0,2.0,1.0,1.0,5.0,2.0,5.0,121.0
26.0,2.0,2.0,4.0,4.0,2.0,4.0,4.0,1.0,2.0,2.0,1.0,2.0,2.0,2.0,2.0,2.0,0.0,1.0,2.0,4.0,122.0
47.0,3.0,2.0,1.0,1.0,1.0,3.0,4.0,1.0,2.0,1.0,2.0,3.0,2.0,2.0,1.0,1.0,1.0,3.0,1.0,5.0,123.0
66.0,3.0,1.0,2.0,2.0,3.0,3.0,2.0,2.0,2.0,1.0,1.0,2.0,2.0,2.0,1.0,1.0,2.0,6.0,1.0,2.0,74.0
23.0,1.0,1.0,1.0,1.0,2.0,4.0,3.0,2.0,1.0,1.0,2.0,1.0,2.0,2.0,1.0,2.0,0.0,6.0,2.0,6.0,171.0
16.0,1.0,2.0,1.0,1.0,1.0,1.0,3.0,2.0,2.0,3.0,2.0,2.0,2.0,2.0,2.0,1.0,1.0,6.0,1.0,4.0,124.0
27.0,2.0,1.0,1.0,1.0,2.0,1.0,3.0,3.0,2.0,2.0,2.0,2.0,2.0,2.0,1.0,1.0,1.0,6.0,2.0,5.0,125.0
35.0,2.0,1.0,1.0,2.0,1.0,1.0,3.0,2.0,2.0,2.0,1.0,1.0,2.0,2.0,3.0,1.0,1.0,2.0,1.0,4.0,75.0
28.0,2.0,2.0,1.0,1.0,2.0,1.0,3.0,1.0,2.0,3.0,1.0,3.0,2.0,2.0,1.0,1.0,1.0,6.0,1.0,4.0,126.0
24.0,1.0,2.0,1.0,4.0,4.0,1.0,3.0,3.0,2.0,2.0,3.0,2.0,2.0,2.0,2.0,2.0,0.0,2.0,1.0,4.0,127.0
17.0,1.0,1.0,2.0,4.0,2.0,2.0,2.0,4.0,2.0,1.0,2.0,2.0,2.0,2.0,1.0,2.0,0.0,9.0,2.0,3.0,76.0
57.0,3.0,1.0,1.0,1.0,1.0,1.0,3.0,3.0,2.0,2.0,2.0,2.0,2.0,2.0,1.0,1.0,1.0,6.0,1.0,4.0,128.0
28.0,2.0,2.0,2.0,4.0,2.0,3.0,2.0,2.0,2.0,1.0,2.0,2.0,2.0,2.0,1.0,1.0,2.0,5.0,2.0,5.0,77.0
31.0,2.0,1.0,1.0,1.0,1.0,1.0,3.0,3.0,2.0,2.0,2.0,2.0,2.0,2.0,1.0,1.0,1.0,9.0,3.0,7.0,129.0
40.0,2.0,1.0,1.0,1.0,2.0,1.0,3.0,3.0,1.0,1.0,3.0,2.0,2.0,1.0,2.0,2.0,0.0,1.0,1.0,4.0,130.0
58.0,3.0,2.0,1.0,4.0,2.0,2.0,3.0,1.0,2.0,3.0,1.0,2.0,2.0,2.0,1.0,2.0,0.0,6.0,1.0,3.0,131.0
23.0,1.0,1.0,2.0,4.0,2.0,1.0,2.0,2.0,2.0,2.0,1.0,2.0,2.0,2.0,1.0,2.0,0.0,6.0,2.0,6.0,78.0
41.0,3.0,1.0,1.0,1.0,2.0,4.0,3.0,2.0,2.0,2.0,1.0,2.0,2.0,2.0,1.0,1.0,1.0,6.0,3.0,6.0,132.0
19.0,1.0,2.0,1.0,1.0,2.0,1.0,3.0,2.0,2.0,2.0,1.0,1.0,2.0,2.0,1.0,1.0,1.0,5.0,3.0,5.0,133.0
19.0,1.0,2.0,1.0,2.0,4.0,4.0,3.0,2.0,2.0,2.0,1.0,3.0,2.0,2.0,1.0,1.0,1.0,6.0,2.0,2.0,79.0
22.0,1.0,1.0,1.0,1.0,2.0,1.0,3.0,1.0,2.0,2.0,2.0,1.0,2.0,2.0,1.0,1.0,1.0,6.0,3.0,6.0,134.0
42.0,3.0,2.0,4.0,4.0,2.0,1.0,4.0,2.0,2.0,2.0,1.0,2.0,2.0,2.0,1.0,1.0,99.0,8.0,2.0,6.0,135.0
68.0,3.0,1.0,1.0,2.0,4.0,5.0,3.0,1.0,2.0,1.0,3.0,1.0,2.0,2.0,1.0,2.0,0.0,9.0,1.0,4.0,80.0
37.0,2.0,2.0,3.0,1.0,2.0,1.0,4.0,1.0,2.0,2.0,3.0,1.0,2.0,2.0,1.0,1.0,1.0,2.0,1.0,1.0,81.0
16.0,1.0,2.0,1.0,1.0,4.0,1.0,3.0,3.0,2.0,1.0,2.0,1.0,1.0,2.0,1.0,1.0,1.0,6.0,1.0,3.0,136.0
29.0,2.0,2.0,1.0,1.0,2.0,1.0,3.0,2.0,2.0,3.0,1.0,1.0,2.0,2.0,1.0,1.0,1.0,6.0,1.0,3.0,137.0
26.0,2.0,2.0,4.0,5.0,2.0,4.0,4.0,1.0,3.0,1.0,2.0,3.0,2.0,2.0,1.0,2.0,0.0,6.0,1.0,1.0,82.0
39.0,2.0,2.0,1.0,1.0,1.0,1.0,3.0,2.0,2.0,2.0,1.0,2.0,1.0,2.0,1.0,1.0,1.0,1.0,3.0,6.0,138.0
58.0,3.0,2.0,1.0,1.0,1.0,1.0,3.0,1.0,2.0,2.0,1.0,1.0,2.0,1.0,1.0,2.0,0.0,6.0,2.0,4.0,139.0
20.0,1.0,1.0,1.0,1.0,2.0,1.0,3.0,3.0,2.0,2.0,1.0,2.0,2.0,2.0,2.0,1.0,1.0,9.0,1.0,4.0,140.0
32.0,2.0,1.0,1.0,1.0,4.0,2.0,3.0,2.0,1.0,1.0,1.0,1.0,2.0,2.0,1.0,2.0,0.0,6.0,1.0,5.0,141.0
36.0,2.0,1.0,1.0,1.0,1.0,3.0,3.0,2.0,2.0,3.0,1.0,2.0,2.0,2.0,1.0,1.0,1.0,5.0,2.0,5.0,142.0
22.0,1.0,1.0,3.0,4.0,4.0,4.0,4.0,2.0,1.0,1.0,2.0,3.0,2.0,2.0,1.0,1.0,1.0,6.0,1.0,4.0,83.0
40.0,2.0,2.0,1.0,1.0,1.0,3.0,3.0,3.0,2.0,2.0,1.0,2.0,1.0,1.0,1.0,1.0,1.0,5.0,3.0,6.0,143.0
26.0,2.0,2.0,2.0,1.0,3.0,1.0,4.0,2.0,2.0,3.0,3.0,3.0,2.0,2.0,1.0,2.0,0.0,6.0,1.0,8.0,144.0
34.0,2.0,1.0,1.0,3.0,2.0,1.0,3.0,2.0,2.0,2.0,1.0,3.0,2.0,2.0,3.0,1.0,1.0,6.0,2.0,6.0,84.0
27.0,2.0,1.0,1.0,3.0,3.0,1.0,3.0,2.0,2.0,2.0,1.0,1.0,2.0,2.0,1.0,1.0,1.0,9.0,1.0,6.0,145.0
57.0,3.0,2.0,4.0,4.0,2.0,2.0,4.0,1.0,3.0,1.0,3.0,2.0,2.0,1.0,1.0,1.0,2.0,6.0,1.0,5.0,146.0
45.0,3.0,1.0,2.0,5.0,4.0,2.0,4.0,2.0,1.0,1.0,3.0,2.0,2.0,2.0,1.0,2.0,0.0,1.0,1.0,5.0,85.0
25.0,2.0,2.0,1.0,1.0,2.0,1.0,3.0,1.0,2.0,1.0,2.0,2.0,2.0,2.0,2.0,1.0,1.0,1.0,2.0,5.0,147.0
38.0,2.0,1.0,1.0,5.0,1.0,1.0,3.0,3.0,2.0,2.0,2.0,2.0,2.0,2.0,2.0,1.0,1.0,6.0,2.0,6.0,86.0
37.0,3.0,2.0,1.0,1.0,2.0,1.0,4.0,3.0,2.0,3.0,1.0,2.0,2.0,2.0,1.0,1.0,1.0,5.0,3.0,3.0,148.0
45.0,3.0,1.0,4.0,4.0,3.0,5.0,4.0,6.0,3.0,2.0,3.0,2.0,2.0,2.0,1.0,2.0,0.0,2.0,1.0,4.0,149.0
20.0,1.0,1.0,1.0,1.0,4.0,1.0,4.0,3.0,2.0,2.0,2.0,2.0,2.0,2.0,1.0,1.0,1.0,6.0,2.0,3.0,150.0
36.0,2.0,1.0,1.0,1.0,2.0,4.0,4.0,1.0,2.0,3.0,2.0,2.0,2.0,2.0,2.0,2.0,0.0,1.0,1.0,5.0,151.0
38.0,2.0,1.0,1.0,1.0,1.0,3.0,4.0,2.0,2.0,2.0,1.0,1.0,2.0,2.0,1.0,1.0,1.0,6.0,3.0,7.0,152.0
64.0,3.0,2.0,1.0,1.0,2.0,1.0,4.0,2.0,1.0,1.0,1.0,3.0,1.0,2.0,1.0,1.0,1.0,6.0,1.0,4.0,153.0
28.0,2.0,2.0,4.0,3.0,2.0,2.0,4.0,1.0,2.0,2.0,3.0,2.0,2.0,2.0,1.0,1.0,99.0,6.0,1.0,4.0,87.0
43.0,3.0,2.0,1.0,5.0,3.0,5.0,3.0,2.0,3.0,1.0,1.0,3.0,1.0,1.0,1.0,1.0,1.0,6.0,1.0,3.0,88.0
34.0,2.0,2.0,2.0,5.0,4.0,4.0,4.0,1.0,2.0,2.0,2.0,2.0,2.0,2.0,2.0,1.0,1.0,6.0,2.0,5.0,89.0
19.0,1.0,2.0,1.0,1.0,2.0,1.0,4.0,2.0,2.0,2.0,2.0,2.0,2.0,2.0,1.0,1.0,1.0,6.0,2.0,4.0,90.0
33.0,2.0,2.0,1.0,1.0,2.0,5.0,4.0,2.0,2.0,2.0,1.0,2.0,2.0,1.0,1.0,1.0,2.0,5.0,3.0,6.0,91.0
27.0,2.0,2.0,1.0,1.0,2.0,1.0,3.0,1.0,2.0,1.0,1.0,1.0,2.0,2.0,1.0,1.0,1.0,5.0,1.0,4.0,92.0
23.0,1.0,2.0,1.0,1.0,3.0,2.0,3.0,3.0,2.0,2.0,2.0,2.0,2.0,2.0,1.0,2.0,0.0,5.0,2.0,4.0,93.0
18.0,1.0,2.0,1.0,1.0,1.0,1.0,3.0,3.0,2.0,3.0,2.0,1.0,2.0,2.0,1.0,1.0,1.0,6.0,2.0,7.0,94.0
25.0,2.0,2.0,1.0,1.0,4.0,1.0,3.0,3.0,2.0,2.0,2.0,2.0,2.0,2.0,1.0,2.0,0.0,6.0,1.0,6.0,95.0
70.0,3.0,1.0,4.0,4.0,4.0,3.0,4.0,4.0,1.0,1.0,3.0,2.0,2.0,2.0,2.0,2.0,0.0,6.0,1.0,8.0,96.0
59.0,3.0,1.0,1.0,1.0,2.0,1.0,3.0,2.0,2.0,3.0,3.0,1.0,2.0,2.0,1.0,2.0,0.0,5.0,1.0,4.0,97.0
18.0,1.0,1.0,1.0,1.0,2.0,2.0,3.0,3.0,2.0,2.0,1.0,2.0,2.0,1.0,1.0,1.0,1.0,9.0,2.0,4.0,98.0
49.0,3.0,2.0,1.0,1.0,1.0,1.0,3.0,2.0,3.0,3.0,3.0,2.0,2.0,2.0,1.0,1.0,1.0,1.0,1.0,4.0,99.0
73.0,3.0,2.0,1.0,1.0,4.0,2.0,3.0,2.0,3.0,2.0,1.0,3.0,2.0,1.0,1.0,1.0,1.0,6.0,1.0,4.0,100.0
60.0,3.0,2.0,1.0,4.0,2.0,1.0,4.0,2.0,3.0,3.0,3.0,3.0,2.0,2.0,1.0,2.0,0.0,6.0,1.0,1.0,101.0
21.0,1.0,2.0,1.0,1.0,2.0,1.0,3.0,2.0,2.0,2.0,2.0,1.0,2.0,1.0,2.0,2.0,0.0,6.0,2.0,4.0,102.0
45.0,3.0,1.0,1.0,1.0,2.0,1.0,3.0,3.0,2.0,3.0,1.0,3.0,2.0,1.0,1.0,2.0,0.0,9.0,1.0,7.0,103.0
53.0,3.0,2.0,1.0,1.0,1.0,2.0,3.0,2.0,2.0,2.0,2.0,2.0,2.0,2.0,2.0,1.0,1.0,9.0,3.0,4.0,104.0
63.0,3.0,2.0,1.0,1.0,2.0,4.0,3.0,2.0,2.0,2.0,2.0,3.0,2.0,2.0,1.0,1.0,1.0,6.0,2.0,7.0,105.0
52.0,3.0,1.0,1.0,1.0,1.0,3.0,3.0,2.0,2.0,2.0,2.0,2.0,2.0,2.0,1.0,1.0,1.0,6.0,3.0,3.0,106.0
27.0,2.0,1.0,2.0,2.0,1.0,1.0,1.0,4.0,3.0,1.0,1.0,2.0,1.0,2.0,1.0,1.0,2.0,2.0,2.0,7.0,172.0
33.0,2.0,2.0,1.0,1.0,4.0,1.0,3.0,2.0,2.0,2.0,2.0,1.0,2.0,2.0,1.0,2.0,0.0,1.0,1.0,5.0,173.0
60.0,3.0,2.0,2.0,1.0,2.0,2.0,3.0,2.0,2.0,3.0,2.0,2.0,2.0,2.0,1.0,1.0,2.0,6.0,1.0,4.0,174.0
38.0,2.0,2.0,1.0,5.0,1.0,1.0,3.0,1.0,2.0,2.0,2.0,1.0,2.0,1.0,1.0,1.0,1.0,6.0,1.0,3.0,175.0
38.0,2.0,2.0,5.0,2.0,4.0,3.0,3.0,4.0,1.0,1.0,3.0,2.0,2.0,2.0,1.0,2.0,0.0,6.0,1.0,5.0,252.0
49.0,3.0,2.0,2.0,2.0,4.0,3.0,2.0,4.0,2.0,3.0,2.0,3.0,2.0,2.0,1.0,1.0,2.0,1.0,1.0,8.0,176.0
27.0,2.0,1.0,1.0,1.0,4.0,4.0,4.0,1.0,2.0,2.0,2.0,2.0,2.0,2.0,1.0,1.0,1.0,6.0,3.0,5.0,394.0
34.0,2.0,1.0,3.0,5.0,1.0,4.0,2.0,2.0,2.0,2.0,2.0,2.0,1.0,2.0,1.0,1.0,1.0,9.0,2.0,4.0,253.0
37.0,2.0,2.0,1.0,1.0,3.0,3.0,3.0,2.0,2.0,2.0,2.0,2.0,2.0,1.0,1.0,2.0,0.0,6.0,3.0,5.0,395.0
44.0,3.0,1.0,1.0,1.0,1.0,3.0,3.0,2.0,2.0,2.0,2.0,2.0,2.0,2.0,1.0,1.0,1.0,6.0,1.0,2.0,177.0
17.0,1.0,2.0,2.0,2.0,4.0,1.0,1.0,2.0,2.0,1.0,1.0,2.0,2.0,2.0,1.0,2.0,0.0,1.0,1.0,6.0,178.0
28.0,2.0,2.0,1.0,1.0,1.0,4.0,3.0,2.0,2.0,2.0,2.0,2.0,1.0,2.0,1.0,1.0,1.0,2.0,2.0,5.0,396.0
49.0,3.0,1.0,1.0,4.0,4.0,2.0,3.0,2.0,2.0,3.0,3.0,3.0,1.0,1.0,1.0,1.0,1.0,6.0,1.0,5.0,254.0
22.0,1.0,1.0,1.0,1.0,4.0,1.0,3.0,1.0,3.0,3.0,3.0,2.0,2.0,2.0,1.0,2.0,0.0,1.0,1.0,4.0,179.0
18.0,1.0,1.0,1.0,1.0,4.0,1.0,3.0,1.0,2.0,2.0,1.0,2.0,2.0,2.0,1.0,1.0,1.0,3.0,2.0,5.0,397.0
28.0,2.0,1.0,2.0,2.0,4.0,1.0,2.0,3.0,2.0,2.0,1.0,2.0,2.0,2.0,1.0,2.0,0.0,3.0,1.0,3.0,180.0
30.0,2.0,1.0,1.0,1.0,2.0,1.0,3.0,2.0,2.0,2.0,1.0,1.0,2.0,2.0,1.0,1.0,1.0,6.0,1.0,3.0,255.0
42.0,3.0,2.0,1.0,1.0,1.0,1.0,2.0,3.0,2.0,2.0,1.0,2.0,2.0,2.0,3.0,1.0,1.0,6.0,1.0,6.0,398.0
45.0,3.0,1.0,2.0,2.0,2.0,3.0,2.0,1.0,1.0,1.0,2.0,2.0,2.0,2.0,1.0,2.0,0.0,6.0,1.0,3.0,322.0
16.0,1.0,2.0,1.0,2.0,4.0,2.0,3.0,1.0,2.0,2.0,1.0,2.0,2.0,2.0,1.0,2.0,0.0,6.0,1.0,1.0,181.0
40.0,2.0,2.0,4.0,4.0,2.0,1.0,4.0,3.0,2.0,2.0,2.0,1.0,2.0,2.0,1.0,1.0,1.0,6.0,1.0,4.0,256.0
27.0,2.0,2.0,2.0,2.0,4.0,3.0,4.0,1.0,1.0,1.0,3.0,3.0,1.0,2.0,1.0,2.0,0.0,1.0,1.0,8.0,182.0
19.0,1.0,2.0,1.0,1.0,4.0,2.0,3.0,2.0,2.0,2.0,1.0,2.0,2.0,2.0,1.0,2.0,0.0,1.0,2.0,5.0,399.0
38.0,2.0,1.0,2.0,2.0,4.0,3.0,1.0,4.0,1.0,1.0,1.0,1.0,2.0,2.0,1.0,1.0,2.0,1.0,1.0,3.0,323.0
37.0,2.0,1.0,1.0,1.0,4.0,2.0,3.0,2.0,2.0,1.0,2.0,2.0,2.0,2.0,2.0,1.0,1.0,5.0,1.0,4.0,400.0
35.0,2.0,1.0,2.0,4.0,4.0,2.0,4.0,6.0,3.0,1.0,3.0,3.0,2.0,2.0,1.0,2.0,0.0,6.0,1.0,4.0,257.0
42.0,3.0,1.0,1.0,2.0,3.0,1.0,3.0,2.0,2.0,3.0,2.0,2.0,2.0,2.0,1.0,1.0,1.0,6.0,1.0,2.0,324.0
42.0,3.0,1.0,1.0,1.0,2.0,1.0,3.0,2.0,2.0,2.0,2.0,2.0,2.0,2.0,1.0,2.0,0.0,6.0,2.0,4.0,401.0
29.0,2.0,2.0,4.0,1.0,2.0,3.0,2.0,1.0,2.0,2.0,1.0,1.0,2.0,1.0,1.0,2.0,0.0,6.0,2.0,5.0,325.0
44.0,3.0,1.0,1.0,1.0,4.0,2.0,3.0,1.0,1.0,2.0,1.0,2.0,1.0,2.0,2.0,2.0,0.0,6.0,1.0,4.0,183.0
32.0,2.0,2.0,1.0,1.0,3.0,1.0,3.0,1.0,2.0,2.0,2.0,3.0,2.0,2.0,1.0,1.0,1.0,5.0,3.0,5.0,258.0
18.0,1.0,1.0,1.0,1.0,4.0,4.0,3.0,2.0,2.0,2.0,2.0,1.0,1.0,2.0,1.0,1.0,1.0,6.0,1.0,5.0,402.0
16.0,1.0,2.0,2.0,5.0,2.0,2.0,2.0,1.0,2.0,2.0,1.0,2.0,2.0,2.0,1.0,1.0,2.0,8.0,2.0,3.0,326.0
23.0,1.0,2.0,4.0,4.0,2.0,2.0,4.0,2.0,2.0,2.0,1.0,3.0,2.0,2.0,1.0,1.0,2.0,9.0,2.0,3.0,184.0
56.0,3.0,1.0,1.0,1.0,1.0,2.0,3.0,3.0,1.0,3.0,1.0,1.0,2.0,2.0,1.0,1.0,1.0,6.0,1.0,3.0,403.0
55.0,3.0,1.0,1.0,2.0,4.0,1.0,3.0,3.0,2.0,2.0,1.0,3.0,1.0,2.0,1.0,2.0,0.0,9.0,1.0,3.0,327.0
57.0,3.0,2.0,1.0,1.0,1.0,1.0,3.0,1.0,2.0,2.0,1.0,1.0,2.0,2.0,1.0,1.0,1.0,6.0,2.0,6.0,404.0
34.0,2.0,1.0,1.0,1.0,2.0,4.0,4.0,3.0,2.0,1.0,2.0,2.0,2.0,2.0,1.0,2.0,0.0,5.0,1.0,3.0,185.0
23.0,1.0,2.0,1.0,1.0,4.0,1.0,3.0,2.0,2.0,3.0,2.0,3.0,1.0,2.0,1.0,2.0,0.0,6.0,1.0,3.0,259.0
30.0,2.0,1.0,1.0,1.0,2.0,3.0,3.0,2.0,2.0,1.0,1.0,2.0,2.0,1.0,1.0,1.0,1.0,6.0,2.0,5.0,405.0
19.0,1.0,1.0,1.0,1.0,4.0,2.0,3.0,3.0,2.0,3.0,3.0,2.0,2.0,1.0,1.0,2.0,0.0,6.0,2.0,4.0,186.0
35.0,2.0,1.0,1.0,2.0,4.0,3.0,4.0,1.0,1.0,1.0,3.0,2.0,1.0,2.0,1.0,2.0,0.0,6.0,1.0,4.0,328.0
52.0,3.0,2.0,1.0,4.0,4.0,1.0,3.0,1.0,1.0,1.0,3.0,1.0,2.0,2.0,2.0,2.0,0.0,6.0,1.0,4.0,406.0
19.0,1.0,2.0,1.0,1.0,3.0,1.0,3.0,3.0,2.0,2.0,2.0,1.0,2.0,1.0,1.0,1.0,1.0,6.0,2.0,2.0,260.0
41.0,3.0,2.0,4.0,1.0,2.0,1.0,4.0,1.0,2.0,1.0,3.0,3.0,2.0,2.0,1.0,2.0,0.0,1.0,2.0,1.0,187.0
47.0,3.0,1.0,1.0,1.0,2.0,2.0,3.0,3.0,2.0,1.0,2.0,2.0,2.0,2.0,1.0,1.0,1.0,6.0,2.0,5.0,407.0
22.0,1.0,1.0,1.0,1.0,1.0,1.0,3.0,2.0,1.0,1.0,1.0,2.0,1.0,2.0,1.0,2.0,0.0,1.0,1.0,2.0,359.0
53.0,3.0,1.0,1.0,1.0,1.0,1.0,3.0,3.0,1.0,1.0,1.0,1.0,1.0,1.0,2.0,1.0,1.0,6.0,3.0,5.0,188.0
21.0,1.0,1.0,1.0,1.0,3.0,1.0,3.0,2.0,3.0,3.0,3.0,3.0,2.0,2.0,2.0,1.0,1.0,1.0,2.0,4.0,261.0
45.0,3.0,2.0,1.0,1.0,2.0,1.0,3.0,2.0,2.0,1.0,1.0,1.0,2.0,2.0,1.0,1.0,1.0,2.0,2.0,5.0,408.0
51.0,3.0,2.0,2.0,2.0,2.0,1.0,2.0,2.0,2.0,2.0,1.0,3.0,1.0,2.0,1.0,2.0,0.0,5.0,1.0,3.0,189.0
20.0,1.0,2.0,1.0,1.0,4.0,2.0,3.0,3.0,2.0,2.0,2.0,2.0,2.0,2.0,1.0,2.0,0.0,6.0,1.0,3.0,409.0
35.0,2.0,2.0,1.0,1.0,3.0,1.0,3.0,2.0,2.0,2.0,1.0,2.0,2.0,2.0,1.0,1.0,1.0,6.0,1.0,4.0,360.0
38.0,2.0,2.0,4.0,4.0,4.0,5.0,4.0,6.0,2.0,2.0,2.0,3.0,2.0,2.0,1.0,2.0,0.0,6.0,1.0,3.0,190.0
69.0,3.0,1.0,1.0,1.0,3.0,2.0,3.0,2.0,2.0,2.0,3.0,3.0,2.0,2.0,1.0,1.0,1.0,6.0,1.0,3.0,262.0
26.0,2.0,1.0,1.0,1.0,2.0,1.0,3.0,3.0,2.0,2.0,1.0,2.0,2.0,2.0,2.0,1.0,1.0,1.0,2.0,3.0,191.0
40.0,2.0,2.0,4.0,1.0,4.0,1.0,2.0,2.0,1.0,1.0,1.0,3.0,2.0,2.0,1.0,2.0,0.0,6.0,1.0,2.0,329.0
44.0,3.0,2.0,1.0,1.0,1.0,1.0,3.0,3.0,1.0,2.0,2.0,1.0,2.0,2.0,1.0,1.0,1.0,6.0,1.0,4.0,410.0
18.0,1.0,2.0,4.0,1.0,4.0,3.0,3.0,1.0,3.0,1.0,3.0,2.0,1.0,2.0,1.0,2.0,0.0,1.0,2.0,3.0,361.0
24.0,1.0,1.0,1.0,1.0,3.0,1.0,3.0,2.0,2.0,2.0,1.0,2.0,2.0,2.0,1.0,2.0,0.0,6.0,2.0,7.0,263.0
19.0,1.0,1.0,1.0,1.0,2.0,2.0,3.0,2.0,2.0,2.0,1.0,2.0,1.0,2.0,1.0,2.0,0.0,6.0,2.0,4.0,192.0
23.0,1.0,2.0,1.0,1.0,4.0,1.0,3.0,3.0,2.0,2.0,1.0,1.0,2.0,2.0,2.0,2.0,0.0,6.0,2.0,4.0,193.0
71.0,3.0,2.0,4.0,4.0,4.0,3.0,3.0,6.0,2.0,2.0,1.0,3.0,2.0,2.0,1.0,2.0,0.0,8.0,1.0,1.0,264.0
47.0,3.0,1.0,1.0,1.0,1.0,1.0,3.0,2.0,2.0,2.0,1.0,2.0,2.0,2.0,2.0,1.0,1.0,8.0,3.0,5.0,411.0
27.0,2.0,2.0,1.0,1.0,2.0,1.0,3.0,2.0,2.0,3.0,1.0,1.0,2.0,2.0,1.0,2.0,0.0,6.0,1.0,4.0,194.0
38.0,2.0,2.0,2.0,5.0,2.0,4.0,2.0,2.0,2.0,3.0,1.0,2.0,2.0,2.0,1.0,1.0,1.0,6.0,2.0,4.0,330.0
16.0,1.0,1.0,1.0,1.0,2.0,4.0,3.0,1.0,2.0,2.0,1.0,2.0,2.0,2.0,1.0,2.0,0.0,9.0,2.0,5.0,412.0
69.0,3.0,1.0,1.0,5.0,2.0,1.0,3.0,2.0,2.0,3.0,2.0,2.0,2.0,1.0,1.0,1.0,1.0,5.0,1.0,5.0,195.0
41.0,3.0,2.0,1.0,4.0,2.0,3.0,3.0,1.0,2.0,1.0,1.0,2.0,2.0,1.0,1.0,1.0,2.0,6.0,1.0,5.0,265.0
23.0,1.0,2.0,1.0,2.0,4.0,2.0,3.0,1.0,2.0,2.0,2.0,1.0,2.0,2.0,1.0,2.0,0.0,6.0,3.0,6.0,331.0
22.0,1.0,2.0,2.0,4.0,4.0,4.0,4.0,4.0,2.0,3.0,3.0,3.0,2.0,2.0,1.0,2.0,0.0,6.0,1.0,2.0,266.0
58.0,3.0,1.0,2.0,2.0,1.0,3.0,2.0,4.0,2.0,2.0,1.0,2.0,2.0,2.0,1.0,2.0,0.0,6.0,1.0,5.0,196.0
29.0,2.0,1.0,2.0,2.0,2.0,2.0,2.0,4.0,2.0,2.0,2.0,2.0,2.0,2.0,1.0,1.0,2.0,6.0,1.0,4.0,332.0
17.0,1.0,1.0,1.0,1.0,1.0,1.0,3.0,3.0,2.0,2.0,1.0,2.0,2.0,2.0,2.0,1.0,1.0,1.0,2.0,3.0,413.0
23.0,1.0,2.0,1.0,4.0,2.0,1.0,3.0,2.0,2.0,2.0,3.0,2.0,2.0,2.0,1.0,1.0,1.0,5.0,2.0,5.0,362.0
69.0,3.0,2.0,2.0,2.0,2.0,4.0,4.0,2.0,2.0,1.0,2.0,2.0,2.0,2.0,1.0,2.0,0.0,6.0,1.0,1.0,197.0
33.0,2.0,2.0,1.0,1.0,1.0,1.0,3.0,1.0,2.0,2.0,1.0,1.0,2.0,2.0,1.0,1.0,1.0,6.0,2.0,4.0,414.0
23.0,1.0,1.0,2.0,2.0,2.0,3.0,2.0,1.0,2.0,3.0,2.0,1.0,2.0,2.0,1.0,1.0,2.0,1.0,2.0,4.0,333.0
82.0,3.0,1.0,1.0,1.0,1.0,1.0,3.0,2.0,1.0,1.0,1.0,1.0,2.0,2.0,1.0,1.0,1.0,6.0,1.0,1.0,363.0
35.0,2.0,1.0,1.0,1.0,2.0,1.0,3.0,1.0,2.0,2.0,1.0,2.0,2.0,2.0,1.0,1.0,1.0,6.0,2.0,6.0,198.0
47.0,3.0,2.0,1.0,1.0,4.0,3.0,3.0,3.0,2.0,2.0,2.0,1.0,2.0,2.0,1.0,2.0,0.0,5.0,2.0,5.0,415.0
37.0,2.0,2.0,1.0,1.0,3.0,2.0,3.0,3.0,2.0,2.0,3.0,3.0,1.0,1.0,1.0,1.0,1.0,5.0,1.0,3.0,267.0
55.0,3.0,2.0,1.0,1.0,1.0,1.0,3.0,2.0,2.0,2.0,2.0,3.0,2.0,2.0,1.0,1.0,2.0,6.0,1.0,5.0,364.0
29.0,2.0,2.0,1.0,1.0,4.0,2.0,3.0,2.0,2.0,2.0,2.0,2.0,1.0,1.0,1.0,1.0,1.0,6.0,2.0,1.0,199.0
27.0,2.0,1.0,1.0,1.0,2.0,4.0,3.0,2.0,2.0,2.0,1.0,3.0,2.0,2.0,1.0,1.0,1.0,5.0,3.0,4.0,416.0
39.0,2.0,1.0,1.0,1.0,2.0,2.0,3.0,1.0,2.0,2.0,2.0,1.0,2.0,2.0,1.0,1.0,1.0,6.0,1.0,5.0,365.0
38.0,2.0,1.0,1.0,5.0,2.0,3.0,4.0,1.0,2.0,3.0,2.0,3.0,2.0,2.0,1.0,1.0,1.0,1.0,1.0,4.0,200.0
55.0,3.0,1.0,1.0,1.0,2.0,2.0,3.0,3.0,3.0,1.0,1.0,3.0,2.0,2.0,1.0,1.0,1.0,6.0,1.0,3.0,268.0
30.0,2.0,2.0,1.0,1.0,1.0,4.0,3.0,2.0,2.0,2.0,2.0,1.0,1.0,2.0,1.0,1.0,1.0,5.0,1.0,2.0,417.0
34.0,2.0,2.0,2.0,4.0,3.0,3.0,2.0,2.0,2.0,2.0,1.0,2.0,2.0,2.0,1.0,2.0,0.0,5.0,1.0,2.0,334.0
40.0,2.0,1.0,2.0,1.0,2.0,1.0,4.0,3.0,2.0,1.0,2.0,2.0,2.0,2.0,1.0,1.0,2.0,6.0,3.0,6.0,366.0
68.0,3.0,2.0,4.0,5.0,4.0,1.0,3.0,3.0,1.0,2.0,1.0,1.0,2.0,2.0,1.0,2.0,0.0,6.0,1.0,2.0,201.0
17.0,1.0,2.0,1.0,1.0,4.0,1.0,3.0,1.0,2.0,2.0,1.0,2.0,2.0,2.0,2.0,1.0,1.0,6.0,2.0,4.0,418.0
49.0,3.0,1.0,2.0,2.0,2.0,4.0,4.0,1.0,3.0,3.0,3.0,3.0,2.0,2.0,1.0,1.0,2.0,1.0,1.0,3.0,335.0
26.0,2.0,1.0,1.0,1.0,4.0,1.0,3.0,3.0,2.0,2.0,2.0,2.0,2.0,2.0,1.0,1.0,1.0,6.0,1.0,5.0,367.0
18.0,1.0,1.0,2.0,2.0,4.0,4.0,2.0,4.0,3.0,3.0,1.0,2.0,2.0,2.0,1.0,2.0,0.0,6.0,2.0,3.0,202.0
20.0,1.0,1.0,1.0,1.0,4.0,4.0,4.0,2.0,2.0,2.0,2.0,1.0,2.0,2.0,1.0,2.0,0.0,8.0,2.0,3.0,419.0
51.0,3.0,1.0,1.0,1.0,4.0,1.0,3.0,1.0,2.0,3.0,2.0,2.0,2.0,2.0,1.0,2.0,0.0,6.0,1.0,4.0,269.0
42.0,3.0,2.0,2.0,2.0,1.0,4.0,2.0,2.0,2.0,2.0,2.0,2.0,2.0,1.0,1.0,1.0,2.0,6.0,1.0,4.0,336.0
78.0,3.0,2.0,1.0,1.0,1.0,3.0,3.0,2.0,2.0,2.0,2.0,2.0,2.0,2.0,1.0,1.0,1.0,5.0,2.0,8.0,368.0
16.0,1.0,2.0,1.0,1.0,1.0,2.0,3.0,2.0,2.0,1.0,2.0,3.0,1.0,2.0,1.0,1.0,1.0,5.0,2.0,4.0,420.0
25.0,1.0,2.0,2.0,2.0,4.0,4.0,2.0,1.0,2.0,2.0,2.0,2.0,2.0,2.0,1.0,1.0,2.0,2.0,2.0,4.0,203.0
35.0,2.0,2.0,4.0,4.0,2.0,2.0,3.0,1.0,2.0,2.0,2.0,2.0,2.0,2.0,1.0,2.0,0.0,6.0,3.0,6.0,369.0
54.0,3.0,1.0,1.0,1.0,1.0,1.0,3.0,3.0,2.0,2.0,2.0,2.0,1.0,1.0,1.0,1.0,1.0,6.0,3.0,6.0,270.0
24.0,1.0,1.0,2.0,2.0,3.0,3.0,4.0,4.0,2.0,3.0,3.0,3.0,2.0,2.0,1.0,1.0,2.0,9.0,1.0,4.0,337.0
53.0,3.0,2.0,1.0,1.0,2.0,3.0,3.0,3.0,2.0,2.0,2.0,1.0,2.0,2.0,1.0,2.0,0.0,5.0,1.0,2.0,421.0
55.0,3.0,1.0,2.0,2.0,1.0,1.0,4.0,6.0,1.0,1.0,1.0,1.0,2.0,2.0,1.0,1.0,2.0,6.0,2.0,3.0,204.0
67.0,3.0,2.0,1.0,1.0,2.0,2.0,3.0,1.0,1.0,2.0,2.0,3.0,2.0,2.0,2.0,1.0,1.0,6.0,1.0,2.0,370.0
30.0,2.0,2.0,2.0,2.0,4.0,3.0,4.0,4.0,2.0,3.0,3.0,2.0,2.0,2.0,1.0,1.0,2.0,6.0,1.0,4.0,338.0
21.0,1.0,1.0,1.0,1.0,1.0,2.0,3.0,3.0,2.0,2.0,1.0,2.0,2.0,2.0,1.0,1.0,1.0,8.0,2.0,5.0,422.0
16.0,1.0,2.0,1.0,1.0,4.0,1.0,3.0,3.0,2.0,1.0,2.0,1.0,2.0,2.0,1.0,1.0,1.0,6.0,2.0,6.0,271.0
24.0,1.0,2.0,2.0,1.0,2.0,4.0,2.0,2.0,2.0,2.0,1.0,2.0,2.0,2.0,1.0,2.0,0.0,6.0,2.0,4.0,205.0
19.0,1.0,1.0,1.0,1.0,3.0,2.0,3.0,3.0,2.0,2.0,2.0,2.0,2.0,2.0,2.0,2.0,0.0,6.0,1.0,4.0,371.0
45.0,3.0,1.0,1.0,1.0,4.0,2.0,3.0,4.0,2.0,2.0,2.0,2.0,2.0,2.0,1.0,2.0,0.0,6.0,1.0,4.0,423.0
61.0,3.0,1.0,1.0,2.0,2.0,2.0,3.0,2.0,2.0,1.0,2.0,2.0,2.0,2.0,1.0,1.0,1.0,6.0,1.0,4.0,206.0
39.0,2.0,1.0,1.0,1.0,1.0,1.0,3.0,3.0,2.0,2.0,2.0,2.0,2.0,2.0,1.0,1.0,1.0,5.0,3.0,6.0,372.0
34.0,2.0,2.0,1.0,1.0,4.0,2.0,3.0,1.0,2.0,2.0,1.0,1.0,2.0,2.0,1.0,2.0,0.0,1.0,1.0,2.0,424.0
37.0,2.0,2.0,1.0,1.0,4.0,1.0,3.0,3.0,2.0,1.0,2.0,2.0,2.0,2.0,1.0,2.0,0.0,4.0,1.0,1.0,272.0
70.0,3.0,2.0,2.0,2.0,4.0,3.0,3.0,4.0,1.0,1.0,2.0,2.0,2.0,2.0,2.0,1.0,2.0,6.0,2.0,3.0,339.0
17.0,1.0,2.0,1.0,1.0,3.0,1.0,3.0,2.0,2.0,3.0,2.0,2.0,2.0,1.0,1.0,2.0,0.0,3.0,1.0,1.0,373.0
74.0,3.0,2.0,1.0,1.0,2.0,5.0,3.0,3.0,2.0,1.0,1.0,1.0,2.0,1.0,1.0,1.0,1.0,1.0,1.0,5.0,425.0
43.0,3.0,2.0,4.0,2.0,3.0,2.0,3.0,1.0,3.0,3.0,3.0,2.0,2.0,2.0,3.0,1.0,2.0,6.0,2.0,2.0,340.0
35.0,2.0,2.0,1.0,1.0,4.0,1.0,3.0,2.0,2.0,2.0,3.0,2.0,2.0,2.0,1.0,2.0,0.0,6.0,1.0,2.0,273.0
42.0,3.0,1.0,1.0,1.0,1.0,1.0,3.0,3.0,1.0,1.0,2.0,2.0,2.0,2.0,1.0,1.0,1.0,8.0,2.0,2.0,374.0
17.0,1.0,1.0,1.0,1.0,1.0,1.0,3.0,1.0,2.0,2.0,2.0,2.0,2.0,2.0,2.0,1.0,1.0,8.0,2.0,6.0,426.0
20.0,1.0,2.0,2.0,2.0,2.0,2.0,2.0,1.0,2.0,1.0,2.0,1.0,1.0,1.0,1.0,1.0,2.0,6.0,1.0,3.0,301.0
39.0,2.0,1.0,1.0,4.0,2.0,1.0,2.0,2.0,2.0,2.0,2.0,2.0,2.0,2.0,1.0,1.0,1.0,3.0,2.0,5.0,341.0
23.0,1.0,2.0,4.0,4.0,2.0,4.0,4.0,1.0,2.0,2.0,1.0,2.0,2.0,2.0,1.0,2.0,0.0,1.0,2.0,4.0,375.0
40.0,2.0,2.0,1.0,1.0,1.0,1.0,3.0,3.0,2.0,2.0,2.0,2.0,2.0,1.0,2.0,1.0,1.0,6.0,1.0,3.0,427.0
70.0,3.0,2.0,1.0,1.0,1.0,1.0,3.0,2.0,2.0,3.0,3.0,2.0,2.0,2.0,1.0,1.0,1.0,6.0,1.0,3.0,274.0
26.0,2.0,2.0,4.0,2.0,2.0,3.0,2.0,1.0,1.0,2.0,2.0,2.0,2.0,1.0,1.0,2.0,0.0,6.0,2.0,5.0,342.0
45.0,3.0,2.0,1.0,1.0,2.0,1.0,3.0,3.0,2.0,2.0,1.0,1.0,2.0,2.0,1.0,1.0,1.0,5.0,2.0,5.0,376.0
20.0,1.0,2.0,1.0,1.0,1.0,2.0,3.0,2.0,2.0,2.0,1.0,2.0,2.0,2.0,2.0,1.0,1.0,9.0,1.0,3.0,428.0
73.0,3.0,2.0,2.0,2.0,1.0,4.0,2.0,2.0,1.0,1.0,1.0,1.0,2.0,2.0,1.0,1.0,2.0,5.0,1.0,1.0,343.0
32.0,2.0,2.0,2.0,2.0,2.0,3.0,2.0,1.0,2.0,2.0,1.0,2.0,2.0,2.0,1.0,1.0,2.0,6.0,3.0,6.0,302.0
46.0,3.0,2.0,1.0,1.0,1.0,1.0,3.0,1.0,2.0,2.0,2.0,2.0,2.0,1.0,2.0,2.0,0.0,6.0,2.0,6.0,275.0
63.0,3.0,1.0,1.0,1.0,3.0,1.0,4.0,2.0,2.0,3.0,1.0,1.0,2.0,2.0,1.0,2.0,0.0,6.0,1.0,1.0,377.0
73.0,3.0,2.0,1.0,1.0,2.0,1.0,3.0,3.0,2.0,2.0,3.0,2.0,2.0,2.0,2.0,1.0,1.0,6.0,1.0,5.0,429.0
18.0,1.0,1.0,1.0,2.0,4.0,2.0,3.0,2.0,2.0,3.0,3.0,3.0,2.0,2.0,1.0,1.0,1.0,6.0,1.0,4.0,344.0
32.0,2.0,1.0,1.0,1.0,1.0,2.0,3.0,2.0,2.0,2.0,2.0,1.0,1.0,1.0,1.0,1.0,1.0,8.0,3.0,5.0,430.0
42.0,3.0,2.0,2.0,2.0,4.0,3.0,2.0,4.0,3.0,3.0,3.0,3.0,2.0,2.0,1.0,2.0,0.0,6.0,1.0,5.0,303.0
20.0,1.0,1.0,1.0,1.0,2.0,1.0,3.0,2.0,2.0,2.0,2.0,2.0,2.0,2.0,1.0,1.0,1.0,9.0,3.0,4.0,276.0
23.0,1.0,1.0,1.0,1.0,2.0,1.0,3.0,1.0,2.0,2.0,2.0,2.0,1.0,1.0,1.0,1.0,1.0,6.0,2.0,4.0,378.0
34.0,2.0,2.0,2.0,2.0,2.0,2.0,2.0,2.0,2.0,3.0,1.0,2.0,2.0,2.0,1.0,1.0,2.0,3.0,1.0,4.0,345.0
31.0,2.0,1.0,4.0,1.0,4.0,3.0,2.0,4.0,2.0,3.0,3.0,2.0,2.0,2.0,1.0,2.0,0.0,2.0,1.0,2.0,304.0
31.0,2.0,1.0,1.0,1.0,4.0,1.0,3.0,3.0,2.0,2.0,1.0,2.0,2.0,2.0,1.0,2.0,0.0,5.0,2.0,5.0,277.0
16.0,1.0,1.0,1.0,1.0,4.0,2.0,3.0,1.0,2.0,2.0,2.0,2.0,1.0,2.0,1.0,1.0,1.0,6.0,1.0,5.0,379.0
26.0,2.0,2.0,1.0,1.0,2.0,1.0,3.0,2.0,2.0,2.0,1.0,2.0,2.0,2.0,1.0,1.0,1.0,9.0,2.0,4.0,431.0
43.0,3.0,2.0,2.0,1.0,2.0,4.0,2.0,2.0,2.0,2.0,1.0,2.0,2.0,1.0,2.0,1.0,2.0,1.0,1.0,5.0,305.0
69.0,3.0,1.0,2.0,2.0,1.0,3.0,3.0,6.0,3.0,1.0,1.0,2.0,2.0,2.0,1.0,1.0,2.0,6.0,1.0,8.0,346.0
20.0,1.0,1.0,1.0,1.0,3.0,3.0,3.0,3.0,2.0,2.0,2.0,2.0,1.0,2.0,1.0,1.0,1.0,1.0,2.0,5.0,432.0
76.0,3.0,1.0,1.0,4.0,2.0,1.0,3.0,3.0,2.0,1.0,1.0,1.0,2.0,2.0,2.0,2.0,0.0,10.0,2.0,8.0,278.0
21.0,1.0,1.0,2.0,1.0,1.0,4.0,2.0,1.0,2.0,2.0,1.0,2.0,2.0,2.0,1.0,1.0,2.0,8.0,2.0,7.0,306.0
51.0,3.0,2.0,2.0,4.0,4.0,5.0,2.0,1.0,1.0,1.0,1.0,3.0,2.0,2.0,1.0,2.0,0.0,6.0,1.0,1.0,347.0
55.0,3.0,2.0,4.0,1.0,2.0,4.0,4.0,3.0,2.0,2.0,3.0,2.0,2.0,2.0,1.0,1.0,2.0,1.0,1.0,8.0,433.0
74.0,3.0,1.0,2.0,2.0,4.0,4.0,3.0,1.0,1.0,2.0,3.0,2.0,2.0,2.0,1.0,2.0,0.0,6.0,1.0,5.0,307.0
45.0,3.0,2.0,2.0,2.0,2.0,3.0,2.0,4.0,1.0,1.0,3.0,3.0,2.0,2.0,1.0,2.0,0.0,6.0,1.0,5.0,348.0
80.0,3.0,2.0,1.0,1.0,1.0,1.0,3.0,3.0,2.0,1.0,2.0,1.0,2.0,2.0,2.0,2.0,0.0,6.0,1.0,1.0,380.0
43.0,3.0,2.0,1.0,1.0,1.0,4.0,2.0,2.0,2.0,1.0,2.0,2.0,2.0,1.0,2.0,1.0,1.0,5.0,3.0,5.0,434.0
63.0,3.0,1.0,1.0,1.0,4.0,1.0,3.0,3.0,1.0,2.0,1.0,1.0,2.0,2.0,1.0,1.0,1.0,6.0,3.0,5.0,279.0
41.0,3.0,2.0,1.0,1.0,1.0,1.0,3.0,2.0,2.0,2.0,2.0,2.0,2.0,2.0,1.0,1.0,1.0,6.0,2.0,6.0,381.0
44.0,3.0,1.0,2.0,2.0,2.0,2.0,2.0,1.0,1.0,1.0,1.0,1.0,2.0,2.0,1.0,1.0,2.0,6.0,1.0,3.0,349.0
34.0,2.0,1.0,2.0,1.0,2.0,2.0,2.0,2.0,2.0,2.0,2.0,2.0,2.0,1.0,1.0,2.0,0.0,6.0,1.0,2.0,308.0
21.0,1.0,2.0,1.0,1.0,2.0,1.0,3.0,1.0,2.0,2.0,2.0,2.0,2.0,2.0,2.0,1.0,2.0,6.0,2.0,4.0,280.0
24.0,1.0,2.0,2.0,2.0,2.0,3.0,2.0,2.0,2.0,2.0,2.0,2.0,2.0,2.0,1.0,1.0,2.0,9.0,1.0,2.0,350.0
29.0,2.0,2.0,1.0,1.0,2.0,1.0,3.0,2.0,2.0,2.0,1.0,2.0,2.0,2.0,2.0,1.0,1.0,5.0,2.0,5.0,382.0
65.0,3.0,1.0,2.0,2.0,4.0,5.0,3.0,4.0,3.0,3.0,3.0,3.0,2.0,2.0,1.0,2.0,0.0,1.0,1.0,8.0,309.0
18.0,1.0,1.0,1.0,1.0,1.0,3.0,3.0,1.0,2.0,1.0,1.0,2.0,1.0,1.0,1.0,1.0,1.0,3.0,2.0,4.0,435.0
48.0,3.0,2.0,1.0,1.0,2.0,3.0,3.0,2.0,2.0,3.0,2.0,2.0,2.0,2.0,1.0,2.0,0.0,6.0,3.0,6.0,383.0
62.0,3.0,1.0,2.0,2.0,3.0,3.0,3.0,1.0,2.0,3.0,2.0,1.0,2.0,2.0,1.0,1.0,2.0,6.0,1.0,5.0,351.0
48.0,3.0,2.0,1.0,1.0,1.0,1.0,3.0,3.0,2.0,2.0,2.0,1.0,2.0,2.0,1.0,1.0,1.0,5.0,2.0,5.0,281.0
30.0,2.0,2.0,1.0,4.0,4.0,3.0,3.0,1.0,2.0,1.0,3.0,2.0,2.0,2.0,1.0,1.0,1.0,6.0,2.0,3.0,436.0
69.0,3.0,2.0,1.0,1.0,4.0,2.0,4.0,2.0,1.0,1.0,1.0,2.0,2.0,2.0,2.0,2.0,0.0,6.0,1.0,8.0,384.0
71.0,3.0,2.0,2.0,2.0,2.0,5.0,4.0,4.0,3.0,3.0,3.0,3.0,2.0,2.0,1.0,2.0,0.0,6.0,1.0,8.0,352.0
58.0,3.0,2.0,1.0,1.0,1.0,2.0,3.0,2.0,2.0,2.0,3.0,2.0,2.0,2.0,1.0,1.0,1.0,5.0,2.0,6.0,282.0
29.0,2.0,2.0,1.0,1.0,2.0,1.0,3.0,3.0,2.0,2.0,2.0,2.0,2.0,2.0,2.0,1.0,1.0,5.0,3.0,6.0,385.0
29.0,2.0,2.0,2.0,2.0,3.0,3.0,2.0,4.0,2.0,1.0,1.0,3.0,2.0,2.0,2.0,1.0,2.0,6.0,1.0,2.0,353.0
42.0,3.0,2.0,1.0,2.0,3.0,1.0,3.0,1.0,1.0,2.0,1.0,2.0,2.0,2.0,1.0,2.0,0.0,6.0,1.0,3.0,310.0
45.0,3.0,1.0,1.0,1.0,2.0,2.0,3.0,2.0,2.0,2.0,2.0,2.0,2.0,2.0,1.0,1.0,1.0,6.0,2.0,4.0,386.0
22.0,1.0,1.0,1.0,1.0,2.0,1.0,3.0,2.0,2.0,2.0,1.0,3.0,2.0,2.0,1.0,2.0,0.0,6.0,2.0,5.0,283.0
19.0,1.0,2.0,1.0,1.0,4.0,1.0,3.0,2.0,2.0,2.0,2.0,2.0,2.0,2.0,1.0,2.0,0.0,6.0,2.0,5.0,387.0
51.0,3.0,2.0,1.0,1.0,4.0,3.0,3.0,1.0,2.0,3.0,1.0,1.0,2.0,2.0,1.0,1.0,1.0,6.0,1.0,8.0,437.0
39.0,2.0,2.0,2.0,5.0,3.0,2.0,2.0,2.0,3.0,3.0,3.0,2.0,2.0,2.0,1.0,1.0,2.0,6.0,1.0,1.0,354.0
63.0,3.0,1.0,2.0,1.0,4.0,1.0,3.0,3.0,2.0,2.0,3.0,3.0,2.0,2.0,1.0,1.0,1.0,1.0,1.0,1.0,438.0
30.0,2.0,1.0,1.0,1.0,2.0,3.0,4.0,2.0,2.0,2.0,1.0,2.0,2.0,2.0,1.0,2.0,0.0,6.0,3.0,5.0,388.0
38.0,2.0,1.0,1.0,1.0,4.0,1.0,3.0,3.0,2.0,2.0,1.0,2.0,2.0,1.0,1.0,2.0,0.0,5.0,2.0,5.0,284.0
53.0,3.0,1.0,1.0,2.0,4.0,3.0,3.0,1.0,2.0,1.0,3.0,2.0,2.0,2.0,1.0,1.0,1.0,6.0,1.0,4.0,311.0
32.0,2.0,1.0,1.0,1.0,2.0,1.0,3.0,2.0,2.0,2.0,2.0,2.0,2.0,2.0,1.0,1.0,1.0,6.0,2.0,5.0,389.0
32.0,2.0,1.0,1.0,2.0,3.0,2.0,3.0,1.0,3.0,3.0,1.0,3.0,2.0,2.0,1.0,2.0,0.0,1.0,1.0,4.0,355.0
20.0,1.0,1.0,1.0,1.0,4.0,1.0,3.0,1.0,2.0,2.0,3.0,3.0,2.0,2.0,1.0,2.0,0.0,6.0,1.0,3.0,439.0
28.0,2.0,1.0,2.0,2.0,1.0,1.0,3.0,3.0,2.0,2.0,2.0,3.0,2.0,2.0,2.0,2.0,0.0,1.0,1.0,3.0,312.0
19.0,1.0,2.0,1.0,1.0,2.0,1.0,3.0,2.0,2.0,2.0,2.0,2.0,2.0,2.0,1.0,1.0,1.0,6.0,2.0,5.0,285.0
38.0,2.0,1.0,1.0,1.0,4.0,3.0,3.0,3.0,2.0,2.0,1.0,2.0,2.0,2.0,2.0,1.0,1.0,6.0,1.0,4.0,440.0
42.0,3.0,1.0,1.0,1.0,2.0,1.0,3.0,2.0,2.0,2.0,1.0,2.0,2.0,2.0,2.0,1.0,1.0,6.0,1.0,1.0,390.0
38.0,2.0,1.0,2.0,2.0,3.0,3.0,3.0,4.0,2.0,1.0,2.0,2.0,2.0,2.0,1.0,2.0,0.0,6.0,1.0,1.0,356.0
51.0,3.0,1.0,1.0,1.0,3.0,1.0,3.0,1.0,2.0,2.0,2.0,3.0,1.0,1.0,1.0,1.0,1.0,6.0,1.0,4.0,441.0
38.0,2.0,1.0,1.0,1.0,4.0,1.0,4.0,2.0,3.0,1.0,1.0,3.0,2.0,2.0,1.0,2.0,0.0,1.0,1.0,1.0,286.0
62.0,3.0,2.0,2.0,2.0,2.0,3.0,3.0,2.0,2.0,3.0,1.0,1.0,2.0,2.0,1.0,1.0,2.0,6.0,1.0,4.0,357.0
25.0,2.0,2.0,1.0,1.0,3.0,1.0,3.0,3.0,2.0,3.0,2.0,1.0,2.0,1.0,1.0,1.0,1.0,6.0,3.0,4.0,391.0
28.0,2.0,1.0,1.0,1.0,1.0,1.0,3.0,2.0,2.0,2.0,2.0,2.0,1.0,1.0,1.0,1.0,1.0,6.0,2.0,5.0,442.0
27.0,2.0,1.0,4.0,4.0,1.0,2.0,2.0,1.0,3.0,2.0,1.0,2.0,2.0,1.0,1.0,1.0,2.0,4.0,2.0,3.0,358.0
37.0,2.0,2.0,1.0,1.0,4.0,5.0,3.0,2.0,2.0,3.0,2.0,2.0,2.0,2.0,1.0,2.0,0.0,6.0,1.0,3.0,287.0
33.0,2.0,2.0,1.0,1.0,2.0,1.0,3.0,3.0,2.0,2.0,2.0,3.0,2.0,2.0,2.0,1.0,1.0,6.0,3.0,4.0,392.0
65.0,3.0,1.0,4.0,4.0,2.0,5.0,3.0,1.0,2.0,2.0,2.0,2.0,2.0,2.0,1.0,2.0,0.0,6.0,2.0,5.0,393.0
70.0,3.0,1.0,1.0,2.0,4.0,3.0,3.0,1.0,2.0,1.0,1.0,1.0,2.0,2.0,1.0,2.0,0.0,6.0,1.0,6.0,313.0
22.0,2.0,2.0,1.0,1.0,2.0,2.0,3.0,2.0,2.0,2.0,1.0,1.0,2.0,2.0,1.0,2.0,0.0,6.0,2.0,4.0,443.0
42.0,3.0,2.0,1.0,1.0,2.0,1.0,3.0,3.0,2.0,3.0,3.0,2.0,1.0,2.0,1.0,1.0,1.0,6.0,2.0,4.0,288.0
47.0,3.0,1.0,1.0,1.0,2.0,1.0,3.0,1.0,2.0,1.0,1.0,1.0,2.0,2.0,1.0,2.0,0.0,6.0,1.0,4.0,444.0
35.0,2.0,1.0,2.0,4.0,4.0,4.0,1.0,1.0,2.0,2.0,3.0,2.0,2.0,2.0,1.0,1.0,2.0,6.0,1.0,4.0,314.0
39.0,2.0,2.0,1.0,1.0,4.0,3.0,3.0,1.0,2.0,2.0,2.0,2.0,2.0,2.0,1.0,2.0,0.0,1.0,1.0,1.0,445.0
40.0,2.0,1.0,2.0,2.0,3.0,1.0,1.0,4.0,2.0,1.0,1.0,2.0,2.0,2.0,1.0,2.0,0.0,8.0,1.0,8.0,315.0
46.0,3.0,2.0,1.0,1.0,3.0,1.0,3.0,3.0,2.0,3.0,1.0,1.0,2.0,2.0,2.0,1.0,1.0,6.0,1.0,1.0,289.0
23.0,1.0,2.0,2.0,4.0,2.0,3.0,2.0,1.0,2.0,2.0,1.0,2.0,1.0,2.0,1.0,2.0,0.0,6.0,2.0,5.0,316.0
25.0,2.0,1.0,1.0,1.0,1.0,1.0,3.0,3.0,2.0,2.0,1.0,2.0,2.0,2.0,2.0,1.0,1.0,1.0,2.0,5.0,446.0
28.0,2.0,1.0,1.0,1.0,3.0,2.0,3.0,2.0,2.0,2.0,2.0,2.0,2.0,2.0,1.0,1.0,1.0,6.0,2.0,4.0,290.0
65.0,3.0,1.0,2.0,4.0,4.0,3.0,4.0,1.0,2.0,2.0,1.0,2.0,2.0,2.0,1.0,2.0,0.0,9.0,1.0,4.0,449.0
38.0,2.0,2.0,1.0,1.0,4.0,1.0,3.0,2.0,3.0,1.0,1.0,1.0,1.0,1.0,1.0,1.0,1.0,6.0,1.0,3.0,447.0
26.0,2.0,2.0,2.0,2.0,4.0,1.0,4.0,2.0,2.0,2.0,2.0,2.0,2.0,2.0,1.0,2.0,0.0,6.0,1.0,3.0,317.0
40.0,2.0,1.0,1.0,1.0,1.0,1.0,3.0,2.0,1.0,2.0,2.0,2.0,2.0,2.0,1.0,2.0,0.0,3.0,1.0,3.0,291.0
19.0,1.0,1.0,2.0,1.0,4.0,3.0,3.0,4.0,1.0,1.0,1.0,2.0,2.0,1.0,1.0,2.0,0.0,10.0,1.0,4.0,448.0
16.0,1.0,1.0,2.0,5.0,4.0,5.0,2.0,1.0,2.0,3.0,2.0,1.0,2.0,2.0,1.0,2.0,0.0,6.0,1.0,3.0,318.0
19.0,1.0,2.0,1.0,1.0,4.0,3.0,3.0,2.0,3.0,2.0,1.0,2.0,2.0,2.0,1.0,2.0,0.0,6.0,2.0,3.0,450.0
55.0,3.0,1.0,1.0,1.0,4.0,2.0,3.0,2.0,2.0,2.0,2.0,1.0,2.0,2.0,1.0,1.0,1.0,5.0,2.0,5.0,292.0
59.0,3.0,1.0,4.0,1.0,4.0,3.0,4.0,4.0,2.0,2.0,2.0,2.0,2.0,2.0,1.0,2.0,0.0,6.0,1.0,3.0,451.0
25.0,2.0,1.0,2.0,2.0,1.0,3.0,2.0,1.0,2.0,2.0,1.0,2.0,2.0,2.0,1.0,1.0,2.0,9.0,1.0,4.0,319.0
21.0,1.0,2.0,1.0,1.0,2.0,1.0,3.0,2.0,2.0,2.0,1.0,2.0,2.0,2.0,1.0,2.0,0.0,1.0,2.0,4.0,452.0
62.0,3.0,2.0,2.0,2.0,2.0,5.0,2.0,4.0,3.0,1.0,3.0,2.0,2.0,2.0,1.0,2.0,0.0,6.0,1.0,1.0,320.0
16.0,1.0,2.0,1.0,1.0,2.0,2.0,3.0,2.0,2.0,2.0,1.0,2.0,2.0,2.0,1.0,2.0,0.0,6.0,2.0,4.0,293.0
45.0,3.0,2.0,2.0,2.0,4.0,3.0,2.0,4.0,2.0,2.0,2.0,2.0,2.0,2.0,1.0,1.0,2.0,6.0,2.0,4.0,321.0
40.0,2.0,2.0,1.0,5.0,4.0,1.0,3.0,3.0,2.0,2.0,1.0,1.0,2.0,2.0,1.0,1.0,1.0,1.0,2.0,4.0,207.0
48.0,3.0,2.0,2.0,1.0,3.0,3.0,3.0,2.0,2.0,3.0,2.0,2.0,2.0,2.0,1.0,2.0,0.0,3.0,1.0,4.0,453.0
27.0,2.0,2.0,1.0,1.0,4.0,1.0,3.0,2.0,1.0,1.0,2.0,2.0,2.0,2.0,1.0,2.0,0.0,1.0,1.0,3.0,294.0
60.0,3.0,2.0,1.0,1.0,3.0,1.0,3.0,4.0,1.0,3.0,3.0,3.0,2.0,1.0,2.0,2.0,0.0,1.0,1.0,1.0,454.0
58.0,3.0,2.0,1.0,1.0,1.0,1.0,4.0,3.0,2.0,2.0,2.0,2.0,2.0,2.0,1.0,2.0,0.0,6.0,1.0,5.0,208.0
38.0,2.0,2.0,1.0,1.0,3.0,1.0,3.0,1.0,2.0,2.0,3.0,2.0,2.0,2.0,1.0,2.0,0.0,6.0,1.0,3.0,455.0
70.0,3.0,2.0,2.0,5.0,1.0,3.0,2.0,4.0,1.0,1.0,1.0,2.0,2.0,2.0,1.0,2.0,0.0,8.0,1.0,1.0,209.0
23.0,1.0,1.0,2.0,2.0,2.0,3.0,2.0,4.0,2.0,3.0,3.0,2.0,2.0,2.0,1.0,1.0,2.0,6.0,2.0,6.0,295.0
28.0,2.0,1.0,1.0,1.0,1.0,2.0,3.0,2.0,2.0,2.0,2.0,1.0,2.0,2.0,1.0,1.0,1.0,6.0,2.0,5.0,210.0
22.0,1.0,1.0,1.0,1.0,4.0,1.0,3.0,2.0,2.0,2.0,2.0,1.0,2.0,1.0,1.0,2.0,0.0,6.0,1.0,3.0,456.0
25.0,2.0,1.0,1.0,1.0,4.0,1.0,3.0,1.0,1.0,1.0,3.0,3.0,2.0,1.0,1.0,2.0,0.0,6.0,1.0,1.0,457.0
32.0,2.0,1.0,5.0,1.0,1.0,1.0,3.0,2.0,2.0,2.0,2.0,1.0,2.0,2.0,1.0,2.0,0.0,9.0,1.0,4.0,211.0
41.0,3.0,2.0,1.0,5.0,4.0,1.0,3.0,3.0,2.0,2.0,2.0,3.0,2.0,2.0,1.0,2.0,0.0,6.0,1.0,4.0,502.0
32.0,2.0,1.0,2.0,2.0,4.0,3.0,2.0,4.0,2.0,2.0,2.0,3.0,2.0,2.0,1.0,1.0,2.0,6.0,1.0,4.0,296.0
36.0,2.0,2.0,1.0,1.0,4.0,5.0,3.0,1.0,2.0,2.0,3.0,2.0,2.0,2.0,4.0,2.0,0.0,6.0,1.0,4.0,458.0
35.0,2.0,1.0,1.0,1.0,1.0,2.0,3.0,2.0,2.0,1.0,2.0,2.0,1.0,1.0,1.0,1.0,1.0,6.0,3.0,6.0,212.0
25.0,2.0,1.0,1.0,5.0,3.0,3.0,3.0,2.0,1.0,3.0,2.0,1.0,2.0,2.0,1.0,2.0,0.0,1.0,2.0,3.0,503.0
68.0,3.0,1.0,4.0,1.0,3.0,3.0,3.0,6.0,2.0,2.0,3.0,2.0,2.0,2.0,2.0,2.0,0.0,6.0,1.0,4.0,459.0
24.0,1.0,2.0,4.0,1.0,2.0,1.0,3.0,2.0,2.0,2.0,1.0,2.0,1.0,1.0,1.0,1.0,1.0,8.0,2.0,3.0,213.0
24.0,1.0,1.0,1.0,1.0,4.0,2.0,3.0,1.0,2.0,1.0,1.0,2.0,2.0,2.0,1.0,2.0,0.0,6.0,1.0,1.0,460.0
26.0,2.0,1.0,2.0,5.0,1.0,2.0,3.0,1.0,2.0,2.0,1.0,2.0,2.0,2.0,1.0,1.0,2.0,8.0,2.0,4.0,504.0
54.0,3.0,1.0,2.0,5.0,1.0,4.0,1.0,1.0,2.0,1.0,2.0,1.0,2.0,2.0,3.0,1.0,2.0,6.0,1.0,4.0,214.0
46.0,3.0,2.0,1.0,1.0,1.0,1.0,3.0,2.0,2.0,3.0,1.0,3.0,2.0,2.0,2.0,1.0,1.0,6.0,2.0,4.0,461.0
27.0,2.0,2.0,1.0,1.0,2.0,2.0,3.0,2.0,2.0,2.0,1.0,2.0,2.0,1.0,1.0,1.0,2.0,6.0,3.0,3.0,518.0
17.0,1.0,2.0,2.0,2.0,4.0,4.0,3.0,2.0,2.0,2.0,3.0,2.0,2.0,2.0,1.0,1.0,1.0,1.0,2.0,4.0,297.0
18.0,1.0,1.0,1.0,1.0,2.0,1.0,3.0,1.0,2.0,2.0,1.0,2.0,1.0,2.0,1.0,2.0,0.0,6.0,2.0,6.0,215.0
35.0,2.0,1.0,1.0,1.0,2.0,1.0,3.0,3.0,2.0,2.0,3.0,3.0,2.0,2.0,1.0,2.0,0.0,1.0,1.0,1.0,462.0
40.0,2.0,1.0,2.0,5.0,4.0,4.0,3.0,1.0,2.0,3.0,2.0,3.0,2.0,2.0,1.0,2.0,0.0,1.0,1.0,4.0,505.0
49.0,3.0,2.0,4.0,1.0,1.0,4.0,2.0,2.0,2.0,2.0,2.0,1.0,1.0,1.0,2.0,1.0,1.0,2.0,3.0,5.0,477.0
58.0,3.0,2.0,1.0,1.0,1.0,1.0,3.0,1.0,2.0,1.0,2.0,1.0,1.0,2.0,1.0,1.0,1.0,6.0,1.0,5.0,216.0
24.0,1.0,2.0,1.0,1.0,2.0,1.0,3.0,3.0,2.0,2.0,1.0,1.0,1.0,2.0,1.0,2.0,0.0,6.0,2.0,4.0,463.0
51.0,3.0,1.0,1.0,4.0,1.0,1.0,3.0,2.0,2.0,2.0,1.0,1.0,2.0,2.0,1.0,2.0,0.0,6.0,1.0,1.0,519.0
28.0,2.0,1.0,1.0,2.0,1.0,3.0,3.0,2.0,2.0,2.0,2.0,2.0,2.0,1.0,1.0,1.0,2.0,6.0,3.0,5.0,217.0
40.0,2.0,1.0,1.0,5.0,2.0,1.0,3.0,2.0,2.0,2.0,1.0,2.0,2.0,2.0,1.0,1.0,1.0,6.0,2.0,5.0,506.0
23.0,1.0,1.0,1.0,1.0,1.0,2.0,3.0,1.0,2.0,2.0,2.0,2.0,2.0,2.0,1.0,2.0,0.0,4.0,2.0,4.0,464.0
40.0,2.0,1.0,2.0,2.0,2.0,1.0,2.0,1.0,1.0,1.0,2.0,1.0,2.0,1.0,1.0,1.0,2.0,6.0,2.0,5.0,478.0
40.0,2.0,2.0,1.0,1.0,2.0,2.0,3.0,3.0,2.0,1.0,2.0,1.0,2.0,2.0,1.0,2.0,0.0,8.0,1.0,3.0,218.0
22.0,1.0,1.0,1.0,1.0,4.0,1.0,3.0,1.0,2.0,1.0,1.0,2.0,2.0,2.0,1.0,2.0,0.0,6.0,2.0,2.0,520.0
73.0,3.0,2.0,1.0,5.0,2.0,1.0,3.0,3.0,2.0,1.0,1.0,2.0,2.0,2.0,1.0,2.0,0.0,6.0,1.0,4.0,507.0
36.0,2.0,1.0,1.0,4.0,4.0,5.0,3.0,1.0,1.0,1.0,2.0,3.0,2.0,2.0,1.0,2.0,0.0,6.0,1.0,1.0,465.0
37.0,2.0,2.0,3.0,2.0,3.0,2.0,3.0,1.0,1.0,1.0,1.0,1.0,2.0,2.0,1.0,1.0,1.0,6.0,1.0,7.0,479.0
38.0,2.0,2.0,1.0,1.0,4.0,3.0,3.0,2.0,2.0,2.0,1.0,2.0,2.0,2.0,1.0,1.0,1.0,9.0,3.0,6.0,521.0
51.0,3.0,2.0,1.0,1.0,4.0,4.0,3.0,2.0,3.0,3.0,3.0,3.0,2.0,2.0,2.0,2.0,0.0,1.0,1.0,2.0,466.0
22.0,1.0,1.0,1.0,2.0,2.0,3.0,3.0,1.0,2.0,2.0,1.0,1.0,1.0,2.0,1.0,1.0,1.0,1.0,2.0,5.0,480.0
52.0,3.0,2.0,1.0,1.0,4.0,1.0,3.0,2.0,2.0,2.0,3.0,2.0,1.0,2.0,1.0,2.0,0.0,6.0,1.0,3.0,467.0
19.0,1.0,1.0,1.0,1.0,1.0,4.0,3.0,2.0,2.0,2.0,2.0,2.0,2.0,2.0,1.0,1.0,1.0,6.0,3.0,5.0,522.0
36.0,2.0,2.0,2.0,3.0,3.0,3.0,1.0,1.0,1.0,1.0,2.0,2.0,2.0,2.0,1.0,1.0,2.0,8.0,1.0,4.0,298.0
31.0,2.0,1.0,1.0,2.0,1.0,1.0,3.0,1.0,2.0,2.0,1.0,2.0,2.0,2.0,2.0,1.0,1.0,6.0,3.0,4.0,481.0
34.0,2.0,2.0,1.0,1.0,2.0,1.0,3.0,3.0,2.0,2.0,1.0,1.0,2.0,2.0,1.0,1.0,1.0,6.0,1.0,5.0,468.0
48.0,3.0,1.0,1.0,1.0,2.0,3.0,3.0,2.0,2.0,2.0,2.0,2.0,2.0,2.0,1.0,2.0,0.0,6.0,2.0,5.0,523.0
32.0,2.0,2.0,1.0,5.0,2.0,1.0,3.0,1.0,2.0,2.0,2.0,2.0,2.0,1.0,2.0,1.0,1.0,5.0,1.0,4.0,508.0
30.0,2.0,1.0,1.0,1.0,4.0,3.0,3.0,2.0,2.0,1.0,2.0,1.0,2.0,2.0,1.0,2.0,0.0,2.0,2.0,5.0,469.0
67.0,3.0,1.0,5.0,1.0,4.0,4.0,4.0,1.0,2.0,2.0,2.0,2.0,2.0,2.0,1.0,2.0,0.0,6.0,1.0,2.0,509.0
22.0,1.0,1.0,2.0,1.0,2.0,3.0,2.0,1.0,2.0,2.0,2.0,1.0,2.0,2.0,1.0,2.0,0.0,6.0,2.0,3.0,299.0
74.0,3.0,2.0,1.0,1.0,2.0,2.0,3.0,2.0,2.0,3.0,3.0,1.0,2.0,2.0,2.0,1.0,1.0,6.0,2.0,2.0,524.0
22.0,1.0,2.0,1.0,1.0,4.0,1.0,3.0,3.0,2.0,3.0,1.0,3.0,2.0,1.0,2.0,1.0,1.0,6.0,2.0,6.0,470.0
16.0,1.0,1.0,1.0,1.0,2.0,1.0,3.0,2.0,2.0,2.0,3.0,2.0,2.0,2.0,2.0,1.0,1.0,6.0,1.0,4.0,525.0
38.0,2.0,2.0,1.0,2.0,1.0,1.0,3.0,2.0,2.0,2.0,2.0,1.0,1.0,2.0,1.0,1.0,1.0,6.0,3.0,5.0,482.0
20.0,1.0,2.0,1.0,1.0,4.0,1.0,3.0,3.0,2.0,3.0,3.0,3.0,2.0,2.0,1.0,2.0,0.0,6.0,2.0,5.0,471.0
19.0,1.0,1.0,2.0,2.0,4.0,3.0,2.0,1.0,2.0,2.0,2.0,2.0,2.0,2.0,1.0,2.0,0.0,7.0,1.0,5.0,300.0
30.0,2.0,2.0,1.0,1.0,2.0,3.0,3.0,3.0,2.0,3.0,2.0,1.0,1.0,1.0,2.0,2.0,0.0,6.0,1.0,4.0,526.0
62.0,3.0,1.0,2.0,2.0,2.0,3.0,3.0,1.0,2.0,2.0,2.0,2.0,2.0,2.0,1.0,2.0,0.0,6.0,1.0,1.0,483.0
63.0,3.0,2.0,4.0,4.0,4.0,1.0,3.0,6.0,3.0,3.0,1.0,3.0,2.0,2.0,1.0,2.0,0.0,6.0,1.0,2.0,472.0
29.0,2.0,2.0,1.0,2.0,1.0,1.0,3.0,2.0,2.0,2.0,1.0,2.0,2.0,2.0,1.0,1.0,1.0,6.0,3.0,6.0,484.0
37.0,2.0,1.0,4.0,1.0,2.0,1.0,4.0,2.0,2.0,2.0,2.0,2.0,2.0,2.0,2.0,1.0,2.0,6.0,1.0,4.0,527.0
18.0,1.0,1.0,1.0,2.0,2.0,2.0,3.0,2.0,2.0,2.0,1.0,2.0,2.0,2.0,1.0,1.0,1.0,6.0,1.0,4.0,485.0
69.0,3.0,1.0,4.0,4.0,4.0,2.0,3.0,3.0,3.0,3.0,3.0,3.0,2.0,2.0,4.0,2.0,0.0,1.0,1.0,4.0,473.0
19.0,1.0,2.0,2.0,2.0,2.0,3.0,2.0,4.0,1.0,1.0,1.0,1.0,2.0,2.0,1.0,2.0,0.0,6.0,1.0,6.0,219.0
40.0,2.0,1.0,1.0,1.0,4.0,4.0,4.0,2.0,2.0,2.0,2.0,2.0,2.0,2.0,1.0,1.0,2.0,6.0,1.0,5.0,528.0
33.0,2.0,2.0,1.0,1.0,1.0,1.0,3.0,3.0,2.0,2.0,2.0,2.0,1.0,1.0,2.0,1.0,1.0,5.0,3.0,7.0,474.0
69.0,3.0,1.0,2.0,2.0,2.0,2.0,2.0,2.0,2.0,2.0,3.0,2.0,2.0,2.0,1.0,1.0,2.0,6.0,1.0,3.0,486.0
28.0,2.0,2.0,1.0,1.0,2.0,1.0,3.0,1.0,1.0,2.0,2.0,2.0,2.0,1.0,1.0,1.0,1.0,6.0,2.0,5.0,220.0
42.0,3.0,1.0,4.0,1.0,4.0,1.0,3.0,4.0,2.0,3.0,2.0,3.0,2.0,2.0,2.0,2.0,0.0,6.0,1.0,3.0,529.0
38.0,2.0,1.0,2.0,1.0,4.0,4.0,3.0,4.0,2.0,1.0,1.0,1.0,1.0,2.0,1.0,2.0,0.0,6.0,2.0,6.0,475.0
22.0,1.0,2.0,4.0,2.0,4.0,5.0,4.0,1.0,2.0,3.0,3.0,3.0,2.0,2.0,1.0,2.0,0.0,1.0,1.0,3.0,487.0
45.0,3.0,1.0,4.0,1.0,2.0,3.0,3.0,1.0,2.0,3.0,2.0,1.0,2.0,2.0,1.0,2.0,0.0,6.0,1.0,1.0,530.0
37.0,2.0,2.0,1.0,1.0,2.0,1.0,3.0,3.0,2.0,2.0,2.0,3.0,1.0,1.0,1.0,1.0,1.0,6.0,1.0,4.0,476.0
42.0,3.0,2.0,1.0,1.0,2.0,1.0,3.0,1.0,3.0,2.0,2.0,2.0,1.0,1.0,1.0,1.0,1.0,6.0,2.0,1.0,510.0
72.0,3.0,1.0,2.0,2.0,4.0,5.0,2.0,6.0,1.0,1.0,1.0,1.0,2.0,2.0,1.0,2.0,0.0,1.0,1.0,1.0,488.0
18.0,1.0,2.0,1.0,1.0,4.0,3.0,3.0,2.0,2.0,2.0,1.0,2.0,2.0,1.0,1.0,1.0,1.0,4.0,2.0,6.0,531.0
73.0,3.0,2.0,4.0,4.0,4.0,3.0,3.0,4.0,2.0,1.0,2.0,2.0,2.0,2.0,1.0,1.0,2.0,6.0,1.0,4.0,221.0
51.0,3.0,1.0,1.0,1.0,1.0,2.0,2.0,2.0,2.0,1.0,2.0,2.0,2.0,2.0,1.0,1.0,2.0,6.0,3.0,6.0,222.0
33.0,2.0,1.0,1.0,5.0,1.0,1.0,3.0,2.0,2.0,2.0,1.0,2.0,1.0,2.0,1.0,1.0,1.0,6.0,3.0,5.0,489.0
24.0,1.0,1.0,2.0,2.0,2.0,3.0,2.0,1.0,2.0,2.0,2.0,2.0,2.0,2.0,1.0,2.0,0.0,9.0,1.0,4.0,223.0
44.0,3.0,2.0,1.0,1.0,1.0,3.0,3.0,3.0,2.0,2.0,2.0,2.0,1.0,1.0,2.0,1.0,1.0,6.0,2.0,5.0,532.0
43.0,3.0,2.0,1.0,2.0,2.0,4.0,4.0,3.0,3.0,3.0,3.0,2.0,2.0,2.0,1.0,2.0,0.0,7.0,2.0,4.0,224.0
26.0,2.0,2.0,1.0,3.0,3.0,2.0,4.0,1.0,1.0,2.0,1.0,1.0,2.0,2.0,1.0,2.0,0.0,9.0,1.0,3.0,490.0
27.0,2.0,2.0,1.0,1.0,1.0,1.0,3.0,3.0,2.0,2.0,1.0,2.0,2.0,2.0,1.0,1.0,1.0,6.0,2.0,5.0,533.0
39.0,2.0,1.0,2.0,1.0,3.0,4.0,2.0,2.0,2.0,2.0,1.0,2.0,2.0,2.0,1.0,2.0,0.0,2.0,2.0,6.0,550.0
18.0,1.0,1.0,1.0,1.0,2.0,4.0,3.0,2.0,2.0,3.0,1.0,1.0,2.0,2.0,1.0,1.0,1.0,6.0,1.0,1.0,511.0
58.0,3.0,2.0,2.0,2.0,4.0,4.0,4.0,2.0,3.0,2.0,1.0,2.0,2.0,2.0,1.0,1.0,2.0,6.0,1.0,1.0,225.0
38.0,2.0,2.0,1.0,4.0,2.0,4.0,2.0,2.0,2.0,3.0,2.0,2.0,2.0,2.0,1.0,2.0,0.0,2.0,1.0,5.0,580.0
22.0,1.0,2.0,1.0,5.0,4.0,1.0,3.0,1.0,2.0,2.0,1.0,2.0,2.0,1.0,2.0,2.0,0.0,2.0,3.0,6.0,491.0
16.0,1.0,1.0,1.0,1.0,2.0,1.0,3.0,2.0,2.0,2.0,2.0,2.0,2.0,2.0,1.0,1.0,1.0,6.0,2.0,5.0,534.0
50.0,3.0,2.0,1.0,1.0,2.0,2.0,3.0,2.0,2.0,3.0,1.0,1.0,2.0,2.0,1.0,1.0,1.0,6.0,1.0,5.0,512.0
27.0,2.0,2.0,1.0,5.0,2.0,1.0,3.0,1.0,2.0,2.0,1.0,2.0,2.0,2.0,1.0,1.0,1.0,6.0,1.0,5.0,492.0
16.0,1.0,2.0,1.0,1.0,2.0,3.0,3.0,3.0,2.0,3.0,2.0,2.0,1.0,2.0,1.0,2.0,0.0,6.0,2.0,5.0,226.0
49.0,3.0,1.0,1.0,1.0,1.0,1.0,3.0,2.0,2.0,3.0,3.0,2.0,2.0,2.0,1.0,1.0,1.0,6.0,1.0,1.0,513.0
47.0,3.0,2.0,2.0,2.0,4.0,2.0,2.0,4.0,2.0,3.0,3.0,2.0,2.0,2.0,1.0,2.0,0.0,1.0,1.0,4.0,581.0
30.0,2.0,2.0,2.0,2.0,2.0,4.0,2.0,2.0,1.0,1.0,3.0,2.0,2.0,2.0,1.0,1.0,2.0,6.0,1.0,5.0,227.0
32.0,2.0,1.0,1.0,5.0,2.0,1.0,3.0,1.0,2.0,2.0,2.0,2.0,2.0,2.0,1.0,1.0,1.0,6.0,3.0,7.0,493.0
47.0,3.0,1.0,2.0,2.0,2.0,3.0,2.0,2.0,2.0,2.0,2.0,2.0,2.0,2.0,1.0,1.0,2.0,6.0,3.0,6.0,551.0
25.0,1.0,2.0,1.0,1.0,2.0,4.0,3.0,1.0,1.0,1.0,1.0,1.0,1.0,1.0,1.0,1.0,1.0,6.0,1.0,3.0,514.0
28.0,2.0,2.0,1.0,5.0,2.0,1.0,3.0,1.0,1.0,2.0,2.0,2.0,2.0,2.0,1.0,2.0,0.0,9.0,1.0,3.0,494.0
85.0,3.0,2.0,1.0,1.0,1.0,1.0,3.0,3.0,2.0,3.0,1.0,2.0,2.0,2.0,2.0,1.0,1.0,6.0,1.0,4.0,535.0
53.0,3.0,1.0,4.0,3.0,2.0,4.0,4.0,2.0,2.0,2.0,2.0,2.0,2.0,2.0,1.0,1.0,1.0,2.0,3.0,6.0,495.0
55.0,3.0,2.0,1.0,1.0,2.0,3.0,3.0,2.0,2.0,2.0,2.0,2.0,2.0,2.0,1.0,1.0,2.0,6.0,1.0,1.0,515.0
50.0,3.0,1.0,2.0,2.0,1.0,3.0,2.0,4.0,2.0,2.0,2.0,2.0,2.0,2.0,1.0,1.0,2.0,6.0,3.0,6.0,552.0
17.0,1.0,1.0,4.0,2.0,3.0,1.0,4.0,1.0,2.0,3.0,3.0,2.0,2.0,2.0,1.0,1.0,99.0,1.0,2.0,6.0,603.0
30.0,2.0,1.0,1.0,1.0,4.0,1.0,4.0,6.0,1.0,1.0,1.0,1.0,2.0,2.0,1.0,2.0,0.0,6.0,1.0,3.0,516.0
27.0,2.0,1.0,1.0,1.0,2.0,1.0,3.0,2.0,2.0,3.0,1.0,1.0,2.0,2.0,1.0,2.0,0.0,6.0,1.0,5.0,536.0
18.0,1.0,1.0,1.0,2.0,2.0,1.0,3.0,1.0,2.0,2.0,2.0,2.0,2.0,2.0,1.0,1.0,1.0,9.0,2.0,4.0,553.0
26.0,2.0,1.0,1.0,1.0,2.0,1.0,3.0,3.0,2.0,1.0,3.0,2.0,2.0,1.0,2.0,2.0,0.0,1.0,1.0,3.0,517.0
31.0,2.0,1.0,2.0,2.0,4.0,2.0,1.0,4.0,2.0,3.0,1.0,2.0,2.0,2.0,1.0,2.0,0.0,2.0,1.0,3.0,582.0
16.0,1.0,2.0,4.0,2.0,2.0,1.0,2.0,2.0,2.0,2.0,2.0,2.0,2.0,2.0,1.0,1.0,2.0,6.0,2.0,4.0,604.0
44.0,3.0,2.0,4.0,5.0,2.0,5.0,4.0,4.0,2.0,2.0,3.0,2.0,2.0,2.0,1.0,1.0,1.0,6.0,1.0,1.0,496.0
56.0,3.0,2.0,4.0,1.0,1.0,2.0,3.0,2.0,2.0,2.0,2.0,2.0,2.0,2.0,1.0,1.0,1.0,5.0,2.0,5.0,537.0
56.0,3.0,2.0,2.0,2.0,1.0,3.0,2.0,4.0,1.0,1.0,1.0,2.0,2.0,2.0,1.0,2.0,0.0,6.0,1.0,3.0,583.0
57.0,3.0,1.0,1.0,5.0,1.0,1.0,3.0,1.0,2.0,2.0,1.0,3.0,2.0,2.0,2.0,1.0,1.0,6.0,2.0,4.0,497.0
35.0,2.0,1.0,1.0,5.0,4.0,5.0,3.0,4.0,1.0,1.0,1.0,1.0,2.0,2.0,1.0,2.0,0.0,1.0,2.0,3.0,498.0
45.0,3.0,2.0,2.0,2.0,1.0,3.0,2.0,5.0,1.0,1.0,1.0,2.0,2.0,2.0,1.0,1.0,2.0,6.0,1.0,1.0,584.0
23.0,1.0,1.0,1.0,1.0,4.0,2.0,3.0,1.0,2.0,2.0,1.0,2.0,2.0,2.0,1.0,1.0,1.0,6.0,2.0,4.0,538.0
31.0,2.0,2.0,2.0,2.0,2.0,3.0,2.0,1.0,2.0,2.0,1.0,2.0,2.0,2.0,2.0,1.0,2.0,9.0,3.0,5.0,569.0
70.0,3.0,1.0,2.0,2.0,2.0,3.0,2.0,4.0,2.0,1.0,2.0,1.0,2.0,2.0,1.0,1.0,2.0,5.0,2.0,5.0,554.0
32.0,2.0,1.0,1.0,1.0,2.0,1.0,3.0,2.0,2.0,1.0,2.0,2.0,2.0,2.0,2.0,1.0,1.0,6.0,3.0,6.0,539.0
35.0,2.0,1.0,2.0,4.0,4.0,4.0,4.0,3.0,2.0,3.0,2.0,2.0,2.0,2.0,1.0,2.0,0.0,6.0,1.0,4.0,228.0
51.0,3.0,1.0,4.0,1.0,2.0,1.0,3.0,1.0,1.0,1.0,2.0,1.0,2.0,2.0,2.0,1.0,1.0,1.0,1.0,5.0,499.0
26.0,2.0,2.0,1.0,1.0,1.0,2.0,3.0,2.0,2.0,2.0,1.0,2.0,2.0,2.0,2.0,1.0,1.0,6.0,3.0,5.0,540.0
63.0,3.0,1.0,2.0,4.0,4.0,3.0,2.0,2.0,3.0,3.0,3.0,2.0,2.0,2.0,1.0,2.0,0.0,6.0,1.0,3.0,585.0
59.0,3.0,2.0,2.0,2.0,1.0,3.0,1.0,4.0,2.0,3.0,2.0,1.0,2.0,2.0,1.0,1.0,2.0,5.0,2.0,6.0,605.0
76.0,3.0,2.0,2.0,2.0,1.0,3.0,2.0,1.0,2.0,2.0,2.0,1.0,2.0,1.0,1.0,1.0,2.0,2.0,3.0,7.0,555.0
25.0,2.0,2.0,1.0,1.0,1.0,1.0,3.0,2.0,2.0,2.0,2.0,1.0,1.0,1.0,1.0,1.0,1.0,8.0,3.0,5.0,541.0
39.0,2.0,2.0,1.0,2.0,1.0,1.0,3.0,1.0,2.0,3.0,1.0,2.0,2.0,2.0,1.0,1.0,1.0,6.0,1.0,4.0,570.0
30.0,2.0,2.0,1.0,2.0,2.0,3.0,3.0,1.0,2.0,3.0,1.0,2.0,2.0,2.0,1.0,1.0,1.0,1.0,2.0,6.0,586.0
57.0,3.0,1.0,4.0,5.0,1.0,4.0,2.0,1.0,1.0,1.0,1.0,2.0,2.0,2.0,1.0,1.0,2.0,6.0,3.0,4.0,606.0
17.0,1.0,1.0,1.0,1.0,4.0,2.0,4.0,3.0,2.0,1.0,1.0,2.0,2.0,1.0,1.0,1.0,1.0,9.0,2.0,3.0,542.0
40.0,2.0,2.0,1.0,5.0,4.0,1.0,3.0,2.0,1.0,1.0,1.0,1.0,2.0,2.0,2.0,1.0,1.0,1.0,1.0,3.0,500.0
25.0,2.0,2.0,3.0,2.0,3.0,3.0,3.0,1.0,2.0,3.0,1.0,3.0,2.0,2.0,2.0,2.0,0.0,6.0,2.0,4.0,607.0
49.0,3.0,2.0,2.0,5.0,3.0,3.0,2.0,1.0,2.0,2.0,1.0,2.0,2.0,2.0,1.0,1.0,2.0,6.0,2.0,4.0,587.0
17.0,1.0,1.0,1.0,2.0,2.0,2.0,3.0,2.0,2.0,2.0,1.0,2.0,2.0,2.0,1.0,2.0,0.0,6.0,2.0,6.0,571.0
16.0,1.0,2.0,1.0,1.0,2.0,1.0,3.0,1.0,2.0,2.0,1.0,1.0,2.0,2.0,1.0,1.0,1.0,6.0,2.0,6.0,543.0
38.0,2.0,1.0,2.0,2.0,1.0,1.0,2.0,1.0,2.0,2.0,2.0,3.0,2.0,1.0,1.0,1.0,2.0,1.0,1.0,5.0,588.0
22.0,1.0,2.0,2.0,2.0,4.0,3.0,2.0,4.0,2.0,2.0,2.0,2.0,2.0,2.0,1.0,2.0,0.0,6.0,1.0,3.0,572.0
32.0,2.0,2.0,1.0,1.0,2.0,2.0,3.0,2.0,2.0,2.0,1.0,1.0,1.0,2.0,1.0,1.0,1.0,5.0,2.0,7.0,544.0
34.0,2.0,2.0,2.0,2.0,2.0,3.0,2.0,2.0,2.0,3.0,2.0,2.0,2.0,1.0,1.0,1.0,2.0,3.0,2.0,6.0,556.0
32.0,2.0,2.0,2.0,3.0,3.0,2.0,1.0,3.0,2.0,3.0,3.0,1.0,1.0,2.0,2.0,1.0,2.0,8.0,2.0,5.0,573.0
31.0,2.0,1.0,2.0,2.0,4.0,4.0,2.0,4.0,2.0,1.0,2.0,2.0,2.0,2.0,1.0,2.0,0.0,6.0,1.0,5.0,589.0
36.0,2.0,1.0,1.0,1.0,2.0,1.0,3.0,3.0,2.0,3.0,3.0,3.0,2.0,2.0,2.0,1.0,1.0,9.0,3.0,6.0,545.0
37.0,2.0,2.0,1.0,2.0,2.0,1.0,3.0,1.0,2.0,2.0,1.0,3.0,1.0,1.0,2.0,1.0,1.0,5.0,1.0,4.0,557.0
40.0,2.0,1.0,1.0,1.0,1.0,4.0,3.0,2.0,2.0,2.0,2.0,2.0,2.0,2.0,2.0,2.0,0.0,5.0,3.0,5.0,546.0
76.0,3.0,1.0,2.0,2.0,4.0,4.0,3.0,6.0,1.0,3.0,1.0,3.0,2.0,2.0,1.0,2.0,0.0,6.0,1.0,4.0,590.0
20.0,1.0,2.0,1.0,1.0,2.0,4.0,3.0,2.0,2.0,2.0,2.0,2.0,2.0,2.0,1.0,1.0,1.0,6.0,2.0,2.0,547.0
20.0,1.0,1.0,2.0,2.0,1.0,3.0,2.0,1.0,2.0,2.0,2.0,2.0,2.0,2.0,1.0,1.0,2.0,9.0,2.0,4.0,558.0
19.0,1.0,2.0,2.0,2.0,4.0,4.0,2.0,2.0,1.0,1.0,2.0,2.0,1.0,1.0,1.0,2.0,0.0,6.0,1.0,2.0,591.0
31.0,2.0,1.0,1.0,5.0,2.0,2.0,3.0,2.0,2.0,2.0,3.0,2.0,2.0,2.0,1.0,2.0,0.0,9.0,1.0,4.0,229.0
40.0,2.0,2.0,2.0,2.0,2.0,2.0,2.0,2.0,2.0,3.0,1.0,2.0,2.0,2.0,1.0,1.0,2.0,6.0,3.0,5.0,574.0
48.0,3.0,2.0,4.0,1.0,3.0,2.0,4.0,2.0,2.0,2.0,2.0,2.0,2.0,1.0,1.0,2.0,0.0,6.0,1.0,4.0,548.0
26.0,2.0,2.0,1.0,1.0,2.0,4.0,3.0,3.0,2.0,2.0,2.0,2.0,2.0,2.0,2.0,1.0,1.0,5.0,3.0,2.0,230.0
31.0,2.0,2.0,2.0,2.0,2.0,3.0,2.0,2.0,2.0,2.0,1.0,2.0,2.0,1.0,1.0,1.0,2.0,6.0,1.0,5.0,575.0
30.0,2.0,1.0,2.0,2.0,1.0,3.0,2.0,1.0,1.0,1.0,1.0,2.0,2.0,2.0,1.0,1.0,2.0,1.0,2.0,5.0,559.0
35.0,2.0,2.0,2.0,2.0,2.0,3.0,2.0,2.0,2.0,1.0,2.0,2.0,1.0,1.0,1.0,1.0,2.0,9.0,2.0,4.0,231.0
42.0,3.0,1.0,1.0,1.0,2.0,1.0,3.0,1.0,2.0,2.0,1.0,2.0,2.0,1.0,1.0,1.0,1.0,6.0,2.0,5.0,549.0
44.0,3.0,1.0,2.0,2.0,3.0,3.0,1.0,1.0,2.0,1.0,2.0,2.0,1.0,1.0,1.0,2.0,0.0,6.0,1.0,5.0,576.0
32.0,2.0,2.0,2.0,5.0,1.0,2.0,4.0,1.0,2.0,2.0,3.0,1.0,2.0,2.0,1.0,2.0,0.0,6.0,2.0,5.0,592.0
34.0,2.0,1.0,1.0,1.0,1.0,1.0,2.0,4.0,2.0,2.0,2.0,2.0,2.0,2.0,1.0,2.0,0.0,6.0,2.0,5.0,232.0
35.0,2.0,1.0,1.0,2.0,4.0,4.0,3.0,1.0,2.0,2.0,1.0,2.0,2.0,1.0,1.0,2.0,0.0,1.0,1.0,5.0,560.0
16.0,1.0,1.0,2.0,1.0,2.0,3.0,2.0,1.0,2.0,2.0,1.0,2.0,2.0,2.0,1.0,2.0,0.0,6.0,1.0,2.0,577.0
29.0,2.0,2.0,1.0,1.0,3.0,3.0,2.0,2.0,2.0,2.0,2.0,1.0,1.0,2.0,1.0,1.0,1.0,6.0,1.0,3.0,233.0
20.0,1.0,2.0,2.0,2.0,2.0,4.0,2.0,2.0,2.0,2.0,1.0,2.0,2.0,2.0,1.0,1.0,2.0,1.0,2.0,4.0,578.0
50.0,3.0,2.0,3.0,1.0,1.0,3.0,2.0,2.0,3.0,3.0,2.0,2.0,2.0,1.0,1.0,1.0,1.0,6.0,3.0,5.0,561.0
37.0,2.0,1.0,1.0,1.0,4.0,3.0,4.0,2.0,2.0,3.0,3.0,1.0,2.0,2.0,1.0,2.0,0.0,1.0,1.0,4.0,234.0
48.0,3.0,2.0,2.0,2.0,2.0,3.0,2.0,4.0,2.0,1.0,3.0,2.0,2.0,2.0,1.0,2.0,0.0,6.0,1.0,4.0,579.0
22.0,1.0,2.0,1.0,1.0,4.0,1.0,3.0,2.0,1.0,1.0,1.0,2.0,2.0,2.0,1.0,2.0,0.0,6.0,1.0,3.0,235.0
48.0,3.0,2.0,2.0,2.0,4.0,3.0,2.0,1.0,1.0,1.0,1.0,2.0,2.0,2.0,1.0,1.0,2.0,6.0,1.0,1.0,593.0
20.0,1.0,1.0,2.0,1.0,2.0,1.0,2.0,1.0,2.0,1.0,1.0,2.0,2.0,2.0,1.0,1.0,2.0,4.0,2.0,6.0,562.0
49.0,3.0,2.0,1.0,1.0,2.0,1.0,3.0,3.0,2.0,3.0,2.0,2.0,2.0,1.0,1.0,2.0,0.0,1.0,1.0,4.0,236.0
68.0,3.0,1.0,1.0,5.0,2.0,4.0,4.0,1.0,1.0,1.0,3.0,1.0,1.0,1.0,1.0,1.0,1.0,6.0,2.0,3.0,501.0
40.0,2.0,2.0,2.0,2.0,1.0,5.0,3.0,3.0,2.0,1.0,1.0,2.0,2.0,2.0,1.0,1.0,2.0,6.0,2.0,8.0,594.0
17.0,1.0,1.0,1.0,1.0,4.0,3.0,3.0,3.0,2.0,1.0,2.0,1.0,2.0,2.0,1.0,1.0,1.0,6.0,1.0,2.0,237.0
39.0,2.0,2.0,1.0,1.0,1.0,2.0,3.0,2.0,2.0,2.0,2.0,2.0,1.0,1.0,1.0,1.0,1.0,6.0,2.0,2.0,238.0
65.0,3.0,1.0,2.0,4.0,2.0,3.0,2.0,1.0,2.0,3.0,2.0,2.0,2.0,2.0,1.0,1.0,2.0,3.0,1.0,8.0,563.0
50.0,3.0,2.0,1.0,1.0,2.0,2.0,3.0,1.0,2.0,2.0,1.0,2.0,2.0,2.0,1.0,1.0,1.0,8.0,1.0,2.0,239.0
73.0,3.0,2.0,2.0,2.0,2.0,4.0,2.0,4.0,1.0,2.0,2.0,2.0,2.0,2.0,2.0,1.0,2.0,6.0,1.0,3.0,614.0
61.0,3.0,1.0,2.0,1.0,4.0,2.0,3.0,1.0,2.0,2.0,2.0,2.0,2.0,2.0,1.0,1.0,2.0,6.0,1.0,1.0,240.0
29.0,2.0,1.0,4.0,1.0,4.0,3.0,2.0,3.0,2.0,2.0,2.0,3.0,2.0,2.0,1.0,1.0,99.0,9.0,2.0,7.0,595.0
21.0,1.0,1.0,2.0,5.0,2.0,1.0,2.0,1.0,1.0,1.0,2.0,2.0,2.0,1.0,1.0,2.0,0.0,1.0,1.0,5.0,615.0
55.0,3.0,1.0,1.0,2.0,4.0,2.0,3.0,1.0,1.0,1.0,1.0,1.0,2.0,2.0,1.0,1.0,1.0,6.0,1.0,5.0,564.0
18.0,1.0,2.0,2.0,1.0,4.0,1.0,2.0,1.0,2.0,2.0,1.0,3.0,2.0,2.0,1.0,1.0,2.0,6.0,2.0,3.0,596.0
34.0,2.0,1.0,1.0,2.0,2.0,4.0,3.0,1.0,2.0,2.0,1.0,2.0,2.0,2.0,4.0,1.0,1.0,1.0,2.0,1.0,616.0
66.0,3.0,1.0,1.0,1.0,2.0,1.0,3.0,2.0,2.0,2.0,1.0,2.0,2.0,2.0,1.0,2.0,0.0,6.0,1.0,3.0,241.0
38.0,2.0,1.0,2.0,2.0,2.0,3.0,2.0,4.0,1.0,2.0,2.0,2.0,2.0,2.0,1.0,1.0,2.0,6.0,1.0,4.0,608.0
29.0,2.0,1.0,2.0,2.0,4.0,2.0,1.0,1.0,2.0,1.0,2.0,2.0,2.0,2.0,1.0,2.0,0.0,6.0,3.0,6.0,565.0
36.0,2.0,1.0,1.0,2.0,2.0,3.0,4.0,2.0,2.0,1.0,3.0,2.0,2.0,2.0,1.0,2.0,0.0,6.0,1.0,4.0,617.0
27.0,2.0,1.0,2.0,2.0,2.0,2.0,2.0,2.0,2.0,2.0,3.0,3.0,2.0,2.0,1.0,1.0,2.0,6.0,2.0,4.0,242.0
37.0,2.0,2.0,2.0,2.0,3.0,3.0,3.0,4.0,1.0,1.0,2.0,2.0,2.0,2.0,1.0,1.0,2.0,5.0,2.0,5.0,611.0
53.0,3.0,2.0,2.0,2.0,2.0,3.0,2.0,2.0,2.0,2.0,2.0,3.0,2.0,2.0,2.0,1.0,2.0,3.0,1.0,6.0,618.0
59.0,3.0,1.0,3.0,1.0,1.0,2.0,3.0,2.0,2.0,2.0,1.0,2.0,2.0,2.0,1.0,1.0,1.0,5.0,1.0,4.0,597.0
19.0,1.0,2.0,2.0,1.0,1.0,3.0,2.0,2.0,2.0,2.0,3.0,2.0,2.0,2.0,2.0,1.0,2.0,6.0,1.0,3.0,612.0
18.0,1.0,2.0,1.0,1.0,1.0,3.0,4.0,2.0,2.0,2.0,1.0,2.0,2.0,2.0,1.0,2.0,0.0,6.0,1.0,3.0,243.0
63.0,3.0,1.0,2.0,2.0,4.0,5.0,4.0,2.0,3.0,3.0,3.0,3.0,2.0,2.0,1.0,2.0,0.0,1.0,1.0,2.0,609.0
42.0,3.0,2.0,1.0,1.0,2.0,1.0,3.0,2.0,2.0,2.0,2.0,1.0,2.0,2.0,1.0,1.0,1.0,6.0,1.0,3.0,244.0
29.0,2.0,2.0,1.0,2.0,2.0,1.0,3.0,1.0,2.0,2.0,2.0,2.0,2.0,2.0,2.0,2.0,0.0,6.0,2.0,4.0,613.0
19.0,1.0,2.0,4.0,2.0,2.0,2.0,3.0,1.0,2.0,1.0,2.0,2.0,2.0,2.0,1.0,1.0,2.0,1.0,1.0,1.0,598.0
43.0,3.0,2.0,1.0,2.0,3.0,1.0,3.0,2.0,2.0,2.0,1.0,2.0,2.0,2.0,1.0,1.0,1.0,4.0,1.0,5.0,566.0
30.0,2.0,1.0,1.0,2.0,3.0,2.0,3.0,1.0,2.0,2.0,1.0,2.0,2.0,2.0,2.0,2.0,0.0,5.0,3.0,4.0,610.0
27.0,2.0,1.0,3.0,5.0,4.0,3.0,2.0,2.0,2.0,2.0,2.0,2.0,2.0,2.0,1.0,2.0,0.0,2.0,2.0,4.0,245.0
27.0,2.0,2.0,1.0,5.0,1.0,2.0,3.0,1.0,3.0,1.0,1.0,2.0,2.0,2.0,1.0,1.0,1.0,6.0,2.0,5.0,599.0
78.0,3.0,1.0,2.0,2.0,3.0,5.0,4.0,3.0,3.0,3.0,3.0,3.0,2.0,2.0,2.0,2.0,0.0,1.0,1.0,1.0,619.0
46.0,3.0,1.0,1.0,1.0,2.0,1.0,3.0,2.0,2.0,2.0,1.0,2.0,2.0,2.0,1.0,1.0,1.0,8.0,1.0,4.0,246.0
37.0,2.0,2.0,2.0,5.0,2.0,2.0,2.0,2.0,2.0,1.0,2.0,2.0,2.0,2.0,1.0,1.0,2.0,6.0,1.0,5.0,567.0
43.0,3.0,1.0,2.0,2.0,4.0,1.0,2.0,2.0,1.0,1.0,1.0,2.0,2.0,2.0,1.0,1.0,2.0,6.0,1.0,4.0,600.0
19.0,1.0,2.0,2.0,2.0,2.0,3.0,2.0,1.0,2.0,2.0,2.0,2.0,2.0,2.0,1.0,1.0,2.0,6.0,2.0,1.0,620.0
63.0,3.0,1.0,2.0,1.0,2.0,2.0,1.0,2.0,2.0,2.0,1.0,2.0,2.0,1.0,1.0,1.0,1.0,6.0,1.0,4.0,247.0
53.0,3.0,2.0,2.0,1.0,2.0,3.0,1.0,3.0,2.0,1.0,1.0,1.0,2.0,2.0,2.0,2.0,0.0,6.0,1.0,5.0,621.0
29.0,2.0,1.0,1.0,2.0,2.0,2.0,3.0,1.0,2.0,3.0,3.0,2.0,2.0,2.0,2.0,1.0,1.0,6.0,3.0,6.0,601.0
47.0,3.0,1.0,2.0,2.0,4.0,3.0,3.0,4.0,2.0,2.0,2.0,2.0,2.0,2.0,1.0,2.0,0.0,6.0,3.0,4.0,568.0
34.0,2.0,2.0,2.0,2.0,1.0,2.0,2.0,4.0,2.0,2.0,3.0,2.0,2.0,2.0,2.0,1.0,2.0,8.0,1.0,5.0,622.0
31.0,2.0,1.0,1.0,4.0,2.0,3.0,3.0,2.0,3.0,3.0,3.0,1.0,2.0,2.0,1.0,2.0,0.0,6.0,1.0,3.0,602.0
37.0,2.0,2.0,1.0,1.0,4.0,1.0,3.0,2.0,2.0,2.0,2.0,2.0,2.0,2.0,1.0,2.0,0.0,6.0,1.0,1.0,248.0
40.0,3.0,2.0,2.0,2.0,4.0,3.0,2.0,1.0,3.0,3.0,2.0,1.0,2.0,2.0,1.0,1.0,2.0,6.0,1.0,8.0,249.0
16.0,1.0,1.0,1.0,2.0,4.0,3.0,3.0,2.0,3.0,1.0,3.0,1.0,2.0,2.0,1.0,2.0,0.0,9.0,1.0,8.0,250.0
54.0,3.0,2.0,1.0,1.0,4.0,2.0,4.0,2.0,1.0,3.0,1.0,2.0,2.0,2.0,1.0,2.0,0.0,1.0,1.0,4.0,251.0
17.0,1.0,2.0,2.0,2.0,2.0,4.0,2.0,1.0,1.0,1.0,1.0,2.0,2.0,2.0,1.0,2.0,0.0,6.0,2.0,3.0,633.0
58.0,3.0,2.0,2.0,2.0,2.0,3.0,4.0,1.0,3.0,3.0,2.0,2.0,2.0,1.0,2.0,1.0,2.0,6.0,2.0,4.0,623.0
53.0,3.0,2.0,2.0,2.0,4.0,2.0,4.0,4.0,2.0,2.0,2.0,1.0,2.0,2.0,1.0,2.0,0.0,6.0,1.0,1.0,628.0
59.0,3.0,2.0,1.0,2.0,1.0,3.0,3.0,1.0,2.0,2.0,1.0,2.0,2.0,1.0,2.0,1.0,1.0,6.0,2.0,4.0,634.0
52.0,3.0,2.0,2.0,2.0,2.0,3.0,2.0,2.0,2.0,2.0,2.0,2.0,2.0,2.0,1.0,1.0,2.0,6.0,1.0,4.0,629.0
47.0,3.0,1.0,2.0,2.0,1.0,3.0,2.0,2.0,2.0,2.0,1.0,2.0,2.0,2.0,1.0,1.0,2.0,6.0,1.0,1.0,635.0
35.0,2.0,2.0,2.0,2.0,3.0,3.0,2.0,2.0,2.0,3.0,2.0,2.0,2.0,2.0,1.0,2.0,0.0,1.0,2.0,4.0,624.0
25.0,2.0,2.0,2.0,2.0,4.0,3.0,2.0,6.0,3.0,3.0,3.0,3.0,2.0,2.0,4.0,2.0,0.0,1.0,1.0,8.0,636.0
36.0,2.0,1.0,1.0,2.0,4.0,1.0,3.0,1.0,2.0,2.0,1.0,2.0,2.0,2.0,1.0,1.0,1.0,6.0,2.0,5.0,630.0
18.0,1.0,2.0,1.0,2.0,4.0,2.0,4.0,2.0,2.0,2.0,1.0,2.0,2.0,2.0,1.0,1.0,2.0,1.0,2.0,2.0,637.0
49.0,3.0,2.0,1.0,2.0,3.0,2.0,3.0,1.0,1.0,1.0,1.0,2.0,2.0,2.0,1.0,2.0,0.0,1.0,1.0,8.0,625.0
21.0,1.0,1.0,2.0,2.0,2.0,4.0,2.0,4.0,2.0,2.0,1.0,2.0,2.0,2.0,1.0,1.0,2.0,6.0,2.0,6.0,631.0
19.0,1.0,2.0,1.0,3.0,2.0,1.0,3.0,2.0,1.0,2.0,2.0,2.0,2.0,1.0,1.0,1.0,1.0,6.0,3.0,7.0,638.0
31.0,2.0,2.0,4.0,2.0,1.0,2.0,4.0,2.0,2.0,2.0,2.0,3.0,2.0,2.0,1.0,1.0,99.0,6.0,2.0,2.0,626.0
32.0,2.0,1.0,2.0,2.0,2.0,3.0,2.0,4.0,1.0,2.0,1.0,2.0,2.0,2.0,1.0,1.0,2.0,6.0,3.0,1.0,632.0
32.0,2.0,1.0,2.0,2.0,4.0,3.0,2.0,4.0,2.0,1.0,1.0,2.0,2.0,2.0,1.0,1.0,2.0,6.0,1.0,6.0,627.0
31.0,2.0,2.0,1.0,2.0,2.0,4.0,3.0,2.0,2.0,2.0,2.0,2.0,2.0,2.0,1.0,1.0,1.0,6.0,1.0,4.0,639.0
17.0,1.0,2.0,4.0,2.0,4.0,1.0,3.0,3.0,2.0,2.0,2.0,1.0,2.0,2.0,1.0,2.0,0.0,6.0,2.0,5.0,640.0
